CASE_ID,ACCIDENT_YEAR,PROC_DATE,JURIS,COLLISION_DATE,COLLISION_TIME,OFFICER_ID,REPORTING_DISTRICT,DAY_OF_WEEK,CHP_SHIFT,POPULATION,CNTY_CITY_LOC,SPECIAL_COND,BEAT_TYPE,CHP_BEAT_TYPE,CITY_DIVISION_LAPD,CHP_BEAT_CLASS,BEAT_NUMBER,PRIMARY_RD,SECONDARY_RD,DISTANCE,DIRECTION,INTERSECTION,WEATHER_1,WEATHER_2,STATE_HWY_IND,CALTRANS_COUNTY,CALTRANS_DISTRICT,STATE_ROUTE,ROUTE_SUFFIX,POSTMILE_PREFIX,POSTMILE,LOCATION_TYPE,RAMP_INTERSECTION,SIDE_OF_HWY,TOW_AWAY,COLLISION_SEVERITY,NUMBER_KILLED,NUMBER_INJURED,PARTY_COUNT,PRIMARY_COLL_FACTOR,PCF_CODE_OF_VIOL,PCF_VIOL_CATEGORY,PCF_VIOLATION,PCF_VIOL_SUBSECTION,HIT_AND_RUN,TYPE_OF_COLLISION,MVIW,PED_ACTION,ROAD_SURFACE,ROAD_COND_1,ROAD_COND_2,LIGHTING,CONTROL_DEVICE,CHP_ROAD_TYPE,PEDESTRIAN_ACCIDENT,BICYCLE_ACCIDENT,MOTORCYCLE_ACCIDENT,TRUCK_ACCIDENT,NOT_PRIVATE_PROPERTY,ALCOHOL_INVOLVED,STWD_VEHTYPE_AT_FAULT,CHP_VEHTYPE_AT_FAULT,COUNT_SEVERE_INJ,COUNT_VISIBLE_INJ,COUNT_COMPLAINT_PAIN,COUNT_PED_KILLED,COUNT_PED_INJURED,COUNT_BICYCLIST_KILLED,COUNT_BICYCLIST_INJURED,COUNT_MC_KILLED,COUNT_MC_INJURED,PRIMARY_RAMP,SECONDARY_RAMP,LATITUDE,LONGITUDE,COUNTY,CITY,POINT_X,POINT_Y
90728923,2018,2018-05-17,9146,2018-05-11,2340,019167,,5,3,9,4700,0,1,3,,1,022,SR-89,"PILGRIM CREEK RD.",6864.00,S,N,A,-,Y,,,89,,,,,,,Y,4,0,1,1,C,-,18,,,N,H,H,A,A,H,-,D,D,0,,,,,Y,,-,"- ",0,0,1,0,0,0,0,0,0,"- ","- ",41.255619049072266,-122.04920959472656,SISKIYOU,UNINCORPORATED,-122.04921722412109,41.255691528320312
90786642,2018,2018-08-08,9145,2018-07-31,1855,016340,,2,2,9,4700,0,3,5,,2,003,"OLD HIGHWAY 99","TRUTTMAN LN",1584.00,S,N,A,-,N,,,,,,,,,,Y,4,0,1,1,A,-,08,22107,,N,E,I,A,A,H,-,A,D,0,,,,,Y,,A,01,0,0,1,0,0,0,0,0,0,"- ","- ",41.613498687744141,-122.52999877929688,SISKIYOU,UNINCORPORATED,-122.52999114990234,41.613861083984375
90987350,2019,2019-05-13,9145,2019-05-10,1530,014441,,5,2,9,4700,0,3,5,,2,008,"EAST-WEST ROAD","ROSE ROAD",1584.00,W,N,A,-,N,,,,,,,,,,Y,4,0,1,1,A,-,08,22107,,N,F,A,A,A,H,-,A,D,0,,,,,Y,Y,D,22,0,0,1,0,0,0,0,0,0,"- ","- ",41.953639984130859,-121.51806640625,SISKIYOU,UNINCORPORATED,-121.51646423339844,41.953624725341797
91218886,2020,2020-03-30,9145,2020-03-17,2055,015241,,2,2,9,4700,0,1,2,,1,043,US-97,"TENNANT RD",528.00,N,N,D,-,Y,,,97,,,,,,,Y,2,0,1,2,A,-,03,22350,,N,A,C,A,C,H,-,D,D,0,,,,Y,Y,,D,22,1,0,0,0,0,0,0,0,0,"- ","- ",41.679481506347656,-122.06675720214844,SISKIYOU,UNINCORPORATED,-122.06678009033203,41.679508209228516
94582574,2025,2025-02-18,9146,2025-02-15,1625,019167,,6,2,9,4700,0,3,5,,2,002,"SKI PARK HIGHWAY","MOUNT SHASTA NORDIC CENTER",1250.00,S,N,A,-,N,,,,,,,,,,Y,3,0,1,1,A,-,01,23152,A,N,F,A,A,C,G,-,A,D,0,,,,,Y,Y,D,22,0,1,0,0,0,0,0,0,0,"- ","- ",41.305030822753906,-122.21199035644531,SISKIYOU,UNINCORPORATED,,
6573993,2014,2016-04-28,9146,2014-07-29,1005,014814,,2,1,9,4700,0,1,2,,1,020,"RT 97","RAINBOW WY",50.00,N,N,A,-,Y,SIS,2,97,-,-,2.830,H,-,S,Y,4,0,1,1,C,-,18,,,N,H,H,A,A,H,-,A,D,0,,,,,Y,,-,"- ",0,0,1,0,0,0,0,0,0,"- ","- ",41.446429999999999,-122.36678000000001,SISKIYOU,UNINCORPORATED,-122.36270748,41.449945659999997
6837371,2015,2016-09-02,9146,2015-02-15,1235,015968,,7,1,9,4700,0,1,1,,2,010,"RT 5","VISTA DR",3168.00,S,N,A,-,Y,SIS,2,5,-,R,16.910,H,-,N,Y,4,0,1,1,A,-,03,22350,,N,F,A,A,A,H,-,A,D,1,,,,,Y,,A,01,0,0,1,0,0,0,0,0,0,"- ","- ",,,SISKIYOU,UNINCORPORATED,-122.37483948000001,41.390080529999999
90043622,2015,2015-11-03,9146,2015-10-28,1140,015150,,3,1,9,4700,0,3,5,,2,001,"I-5 S/B TO TRUCK VILLAGE DR,","TRUCK VILLAGE DR.",0.00,,Y,B,-,Y,,,5,,,,R,,S,N,4,0,1,2,A,-,12,22450,A,N,D,C,A,B,H,-,A,A,0,,,,,Y,,A,01,0,0,1,0,0,0,0,0,0,"- ","- ",41.367849999999997,-122.37097,SISKIYOU,UNINCORPORATED,-122.37097,41.367849999999997
90079564,2015,2015-12-21,9145,2015-12-11,0745,016080,,5,1,2,4709,0,1,1,,2,071,"INTERSTATE 5 SOUTHBOUND","MOONLIT OAKS AVENUE",75.00,S,N,B,-,Y,,,,,,,,,,Y,3,0,1,1,A,-,03,22350,,N,F,A,A,C,H,-,A,D,0,,,,,Y,,D,22,0,1,0,0,0,0,0,0,0,"- ","- ",,,SISKIYOU,YREKA,,
90504545,2017,2017-07-20,9146,2017-06-30,1645,013820,,5,2,9,4700,0,1,1,,2,012,"I-5 N/B","SISKIYOU AVENUE",2112.00,N,N,A,-,Y,,,5,,,,,,N,Y,1,1,0,1,A,-,08,22107,,N,E,I,A,A,H,-,A,D,0,,,,,Y,,A,01,0,0,0,0,0,0,0,0,0,"- ","- ",41.241100000000003,-122.26089,SISKIYOU,UNINCORPORATED,-122.26114235999999,41.241310329999997
90541269,2017,2017-10-12,9146,2017-09-03,1900,015150,,7,2,9,4700,0,1,1,,2,010,"I-5 N/B","VISTA DR.",876.00,S,N,A,-,Y,,,,,,,,,,Y,1,1,0,1,A,-,01,23153,A,N,F,I,A,A,H,-,B,D,0,,,,,Y,Y,D,22,0,0,0,0,0,0,0,0,0,"- ","- ",41.394559999999998,-122.37909000000001,SISKIYOU,UNINCORPORATED,,
91230860,2020,2020-04-29,9146,2020-04-26,1610,017958,,7,2,9,4700,0,3,5,,2,001,"NORTH SHORE ROAD","W.A. BARR ROAD",7920.00,W,N,A,-,N,,,,,,,,,,Y,4,0,1,2,A,-,03,22350,,N,A,C,A,A,H,-,A,D,0,,,,,Y,,D,22,0,0,1,0,0,0,0,0,0,"- ","- ",41.288059234619141,-122.33701324462891,SISKIYOU,UNINCORPORATED,-122.33596038818359,41.286666870117188
91309214,2020,2020-09-22,9145,2020-09-17,2330,018254,,4,3,9,4700,0,1,3,,1,080,SR-161,"SOUTH MERRILL ROAD",2640.00,E,N,A,-,Y,,,161,,,,,,,N,2,0,1,1,A,-,08,22107,,N,E,I,A,A,H,-,D,D,0,,,,,Y,,A,01,1,0,0,0,0,0,0,0,0,"- ","- ",41.999099731445312,-121.589599609375,SISKIYOU,UNINCORPORATED,-121.589599609375,41.999126434326172
91403740,2021,2021-02-08,9146,2021-01-29,1350,020514,,5,1,9,4700,0,1,1,,2,010,"N. MT SHASTA BLVD TO I-5 N/B","N. MT SHASTA BLVD",800.00,N,N,B,-,Y,,,,,,,,,,Y,4,0,1,1,C,-,18,,,N,E,J,A,C,B,-,A,D,0,,,,,Y,,-,"- ",0,0,1,0,0,0,0,0,0,"- ","- ",41.332668304443359,-122.33222961425781,SISKIYOU,UNINCORPORATED,-122.31107330322266,41.312221527099609
91412516,2021,2021-02-22,9146,2021-02-13,1759,020647,,6,2,9,4700,0,1,2,,1,020,US-97,"SOLUS DRIVE",1584.00,S,N,A,-,Y,,,97,,,,,,,Y,4,0,1,1,A,-,01,23152,F,N,E,I,A,A,H,-,D,D,0,,,,,Y,,D,22,0,0,1,0,0,0,0,0,0,"- ","- ",41.456958770751953,-122.35771179199219,SISKIYOU,UNINCORPORATED,-122.35775756835938,41.456993103027344
92071210,2023,2023-05-17,9145,2023-05-15,1308,015241,,1,1,9,4700,0,1,2,,1,043,US-97,"COUNTY RD A12",7920.00,N,N,A,-,Y,SIS,,97," ",R,13.556,H,,R,N,3,0,1,2,A,-,03,22350,,N,C,C,A,A,H,-,A,D,0,,,,,Y,,A,01,0,1,0,0,0,0,0,0,0,"- ","- ",41.548851013183594,-122.22353363037109,SISKIYOU,UNINCORPORATED,-122.22348785400391,41.548816680908203
92413703,2024,2024-06-13,9146,2024-06-03,1820,020647,,1,2,9,4700,0,3,5,,2,002,"USFS ROAD 3","USFS ROAD 49",11616.00,E,N,B,-,N,,,,,,,,,,Y,2,0,1,1,A,-,03,22350,,N,E,0,A,A,H,-,A,D,0,,,,Y,Y,,F,24,1,0,0,0,0,0,0,0,0,"- ","- ",41.331939697265625,-121.69966125488281,SISKIYOU,UNINCORPORATED,,
6936071,2015,2016-11-03,9145,2015-05-19,0840,016707,,2,1,9,4700,0,1,1,,2,070,"RT 5","HILT RD",300.00,N,N,B,-,Y,SIS,2,5,-,R,68.480,H,-,N,Y,3,0,1,1,A,-,08,22107,,N,F,A,A,B,H,-,A,D,1,,,,,Y,,A,01,0,1,0,0,0,0,0,0,0,"- ","- ",,,SISKIYOU,UNINCORPORATED,-122.6103178,41.994952900000001
8150159,2016,2017-05-18,4708,2016-10-13,1203,284,2,4,5,2,4708,0,0,0,,0,001,"E LINCOLN AV","RAILROAD AV",0.00,,Y,A,-,N,,,,,,,,,,N,3,0,1,2,A,-,04,21703,,N,C,C,A,A,H,-,A,D,0,,,,,Y,,A,01,0,1,0,0,0,0,0,0,0,"- ","- ",,,SISKIYOU,WEED,-122.38468989,41.435919990000002
8809421,2019,2019-03-29,4706,2019-02-12,1141,1102,,2,5,2,4706,0,0,0,,0,,"PINE ST","LAKE ST",0.00,,Y,D,-,N,,,,,,,,,,Y,4,0,2,2,A,-,03,22350,,N,D,C,A,C,H,-,A,A,0,,,,,Y,,-,,0,0,2,0,0,0,0,0,0,"- ","- ",,,SISKIYOU,"MOUNT SHASTA",-122.31468963623047,41.311840057373047
90016476,2015,2015-10-19,9146,2015-09-03,1603,015588,,4,2,9,4700,0,3,5,,2,002,"SQUAW VALLEY RD.","S.R. 89",40.00,S,N,A,-,N,,,,,,,,,,N,4,0,1,2,A,-,08,22107,,N,B,C,A,A,H,-,A,A,0,,,,,Y,,E,22,0,0,1,0,0,0,0,0,0,"- ","- ",41.250860000000003,-122.13638,SISKIYOU,UNINCORPORATED,-122.13626415,41.251036079999999
90036431,2015,2015-10-22,9145,2015-10-09,2052,018485,,5,2,9,4700,0,2,4,,1,031,"WESTSIDE RD","DEWITT PARK RD",864.00,E,N,A,-,N,,,,,,,,,,Y,4,0,1,1,A,-,01,23152,A,N,E,I,A,A,H,-,C,D,0,,,Y,,Y,Y,C,02,0,0,1,0,0,0,0,0,1,"- ","- ",41.688029999999998,-122.63762,SISKIYOU,UNINCORPORATED,-122.6384,41.686340000000001
90499775,2017,2017-07-13,9145,2017-07-06,0950,017540,,4,1,9,4700,0,1,3,,1,061,SR-96,"OAK KNOLL RD",0.00,,Y,A,-,Y,,,96,,,,,,,Y,4,0,1,2,A,-,09,21801,A,N,D,C,A,A,H,-,A,A,0,,,,,Y,,A,01,0,0,1,0,0,0,0,0,0,"- ","- ",41.835419999999999,-122.84977000000001,SISKIYOU,UNINCORPORATED,-122.84976607999999,41.835449529999998
92371888,2023,2024-04-22,9145,2023-12-29,1225,018726,,5,1,9,4700,0,3,5,,2,005,"COPCO ROAD","SALMON STREET",675.00,E,N,B,-,N,,,,,,,,,,Y,1,3,4,2,A,-,01,23152,A,N,A,C,A,A,H,-,A,D,0,,,,,Y,Y,D,22,2,2,0,0,0,0,0,0,0,"- ","- ",41.897899627685547,-122.51988220214844,SISKIYOU,UNINCORPORATED,-122.51985168457031,41.897895812988281
91222547,2020,2020-04-07,9145,2020-04-05,1130,017793,,7,1,9,4700,0,3,5,,2,002,"SAWYERS BAR RD","ETNA SUMMIT",3168.00,W,N,D,-,N,,,,,,,,,,N,4,0,2,1,A,-,08,22107,,N,E,I,A,C,H,-,A,D,0,,,,,Y,,D,22,0,0,2,0,0,0,0,0,0,"- ","- ",41.387310028076172,-122.99163055419922,SISKIYOU,UNINCORPORATED,,
91275005,2020,2020-07-27,9145,2020-07-19,1530,021333,,7,2,9,4700,0,3,5,,2,002,"SCARFACE RD","EASTSIDE RD",1584.00,E,N,A,-,N,,,,,,,,,,Y,3,0,1,1,A,-,01,23152,A,N,F,A,A,A,H,-,A,D,0,,,,,Y,Y,D,22,0,1,0,0,0,0,0,0,0,"- ","- ",41.579181671142578,-122.83013153076172,SISKIYOU,UNINCORPORATED,-122.83097076416016,41.579151153564453
91789702,2022,2022-06-17,9146,2022-05-31,0650,014814,,2,1,9,4700,0,1,1,,2,012,"I-5 N/B","MOTT ROAD",4224.00,S,N,A,-,Y,SIS,,5,,,5.063,H,,R,Y,2,0,6,2,A,-,08,22107,,N,A,C,A,A,H,-,A,D,0,,,,,Y,,A,01,1,5,0,0,0,0,0,0,0,"- ","- ",41.249660491943359,-122.25845336914062,SISKIYOU,UNINCORPORATED,-122.25841522216797,41.249671936035156
91863694,2022,2022-09-13,9145,2022-09-01,1907,018817,,4,2,2,4709,0,1,1,,2,071,"I-5 S/B TO MOONLIT OAKS AVE","MOONLIT OAKS AVE",248.00,N,N,A,-,Y,,,,,,,,,,N,3,0,1,2,A,-,03,22350,,N,C,C,A,A,D,-,A,D,0,,,Y,,Y,,C,02,0,1,0,0,0,0,0,0,1,"- ","- ",41.704658508300781,-122.64363861083984,SISKIYOU,YREKA,-122.64363861083984,41.704658508300781
91927990,2022,2022-11-28,9146,2022-11-19,1115,018347,,6,1,9,4700,0,1,1,,2,012,"I-5 S/B","WILLOW STREET U/C",249.00,N,N,A,-,Y,SIS,,5,,,2.151,H,,L,Y,4,0,1,1,A,-,03,22350,,N,E,8,A,A,H,-,A,D,0,,,,,Y,,A,01,0,0,1,0,0,0,0,0,0,"- ","- ",41.212600708007812,-122.27435302734375,SISKIYOU,UNINCORPORATED,-122.27431488037109,41.212593078613281
92099843,2023,2023-06-22,9146,2023-06-11,2130,019430,,7,2,9,4700,0,1,1,,2,010,"I-5 S/B","NORTH MOUNT SHASTA BLVD.",1200.00,N,N,A,-,Y,SIS,,5," ",R,12.410,H,,L,N,4,0,1,1,C,-,18,,,N,E,H,A,A,H,-,D,D,0,,,,,Y,,-,"- ",0,0,1,0,0,0,0,0,0,"- ","- ",41.335460662841797,-122.33573150634766,SISKIYOU,UNINCORPORATED,-122.33573150634766,41.335456848144531
6450762,2014,2015-11-14,9145,2014-03-10,1058,016080,,1,1,9,4700,0,1,1,,2,070,"RT 5","ANDERSON GRADE RD",1000.00,N,N,A,-,Y,SIS,2,5,-,R,53.080,H,-,N,Y,4,0,1,2,A,-,08,22107,,N,B,C,A,A,D,-,A,A,1,,,,,Y,,D,22,0,0,1,0,0,0,0,0,0,"- ","- ",41.799999999999997,-122.58,SISKIYOU,UNINCORPORATED,-122.58841147,41.793152409999998
6837603,2015,2016-09-07,9145,2015-02-28,0520,013713,,6,3,9,4700,0,1,3,,1,011,"RT 96","SEIAD CREEK RD",1584.00,W,N,B,-,Y,SIS,2,96,-,-,59.860,H,-,E,Y,3,0,1,1,A,-,01,23152,A,N,E,I,A,B,H,-,D,A,0,,,,,Y,Y,A,07,0,1,0,0,0,0,0,0,0,"- ","- ",,,SISKIYOU,UNINCORPORATED,-123.2024456,41.844645180000001
90052617,2015,2015-11-17,9145,2015-11-06,2340,018817,,5,3,9,4700,0,1,1,,2,073,"I-5 S/B","LOUIE RD",2860.00,S,N,A,-,Y,,,,,,,,,,Y,3,0,1,1,A,-,01,23152,A,N,F,J,A,A,H,-,D,D,0,,,,,Y,Y,A,07,0,1,0,0,0,0,0,0,0,"- ","- ",,,SISKIYOU,UNINCORPORATED,,
90389089,2017,2017-02-08,9145,2017-01-27,0207,018817,,5,3,2,4709,0,1,1,,2,072,"I-5 S/B","LOUIE RD",14256.00,N,N,E,-,Y,,,,,,,,,,Y,2,0,1,1,A,-,08,22107,,N,F,A,A,A,H,-,D,D,0,,,,Y,Y,,G,25,1,0,0,0,0,0,0,0,0,"- ","- ",,,SISKIYOU,YREKA,,
90446494,2017,2017-05-01,9145,2017-04-19,0950,013713,,3,1,9,4700,0,1,3,,1,011,SR-96,"THOMPSON RIDGE ROAD",12672.00,E,N,B,-,Y,,,96,,,,,,,Y,4,0,1,1,A,-,08,22107,,N,E,J,A,A,D,-,A,A,0,,,,,Y,,A,01,0,0,1,0,0,0,0,0,0,"- ","- ",41.803359999999998,-123.31737,SISKIYOU,UNINCORPORATED,-123.31736755999999,41.80336089
6292073,2014,2015-04-08,9145,2014-11-26,0210,18604,,3,3,9,4700,0,2,4,,1,031,"OLD HIGHWAY 99","DONNA DR",644.00,N,N,E,-,N,,,,,,,,,,Y,1,1,1,1,A,-,01,23152,A,N,E,I,A,B,H,-,D,D,0,,,,,Y,Y,A,01,1,0,0,0,0,0,0,0,0,"- ","- ",41.660449999999997,-122.59627999999999,SISKIYOU,UNINCORPORATED,-122.59729425,41.660536239999999
6391612,2014,2014-06-25,9145,2014-02-21,0500,18817,,5,3,9,4700,0,3,5,,2,003,"OLD HIGHWAY 99","COUNTY ROAD A-12",4224.00,N,N,A,-,N,,,,,,,,,,N,4,0,1,1,A,-,08,22107,,N,E,I,A,A,H,-,D,D,0,,,,,Y,,D,22,0,0,1,0,0,0,0,0,0,"- ","- ",41.650689999999997,-122.55011,SISKIYOU,UNINCORPORATED,-122.55006552,41.650734790000001
6408280,2014,2015-11-14,9146,2014-02-19,0008,19030,,3,3,9,4700,0,1,1,,2,012,"RT 5",DUNSMUIR,1600.00,S,N,C,-,Y,SIS,2,5,-,R,0.390,H,-,N,Y,4,0,1,2,A,-,03,22350,,M,C,C,A,B,H,-,D,D,1,,,,,Y,,A,01,0,0,1,0,0,0,0,0,0,"- ","- ",,,SISKIYOU,UNINCORPORATED,-122.28839335000001,41.18500263
6428325,2014,2014-07-02,9145,2014-03-08,1445,018398,,6,2,9,4700,0,2,4,,1,031,"OLD HIGHWAY 99","TIMMONS RD",1584.00,S,N,A,-,N,,,,,,,,,,Y,3,0,1,1,A,-,08,22107,,N,E,I,A,A,H,-,A,A,0,,,,,Y,,A,01,0,1,0,0,0,0,0,0,0,"- ","- ",,,SISKIYOU,UNINCORPORATED,-122.52523977,41.570354799999997
6444836,2014,2014-07-01,4709,2014-02-20,0508,206,,4,5,2,4709,0,0,0,,0,CITY,"S OREGON ST","YREKA ST",114.00,S,N,A,-,N,,,,,,,,,,Y,3,0,1,1,A,-,01,23152,C,N,E,I,A,A,H,-,C,D,0,,,,,Y,,-,"- ",0,1,0,0,0,0,0,0,0,"- ","- ",,,SISKIYOU,YREKA,-122.64060382,41.726206849999997
6462725,2014,2015-11-20,9145,2014-04-03,1905,018817,,4,2,9,4700,0,1,1,,2,072,"RT 5","LOUIE RD",12144.00,N,N,B,F,Y,SIS,2,5,-,R,33.720,H,-,N,Y,3,0,1,1,A,-,08,22107,,N,F,A,A,A,H,-,A,D,1,,,,,Y,,A,07,0,1,0,0,0,0,0,0,0,"- ","- ",,,SISKIYOU,UNINCORPORATED,-122.50205993,41.586699330000002
6486076,2014,2015-09-23,4706,2014-05-08,1747,1104,,4,5,2,4706,0,0,0,,0,,"CHESTNUT ST","LAKE ST",0.00,,Y,C,-,N,,,,,,,,,,Y,4,0,1,2,A,-,12,22450,A,N,D,C,A,B,H,-,A,A,0,,,,,Y,,-,,0,0,1,0,0,0,0,0,0,"- ","- ",,,SISKIYOU,"MOUNT SHASTA",-122.31152996,41.313839889999997
6494993,2014,2015-11-20,9145,2014-05-03,0045,18254,,6,3,9,4700,0,1,2,,1,042,"RT 97","MACDOEL DISTRICT RD",601.00,S,N,A,-,Y,SIS,2,97,-,-,37.230,H,-,N,Y,2,0,1,2,A,-,01,23152,A,N,A,C,A,A,H,-,D,D,0,,,,Y,Y,Y,A,01,1,0,0,0,0,0,0,0,0,"- ","- ",,,SISKIYOU,UNINCORPORATED,-122.03630067,41.792165079999997
6496113,2014,2014-08-20,9145,2014-06-12,0205,014553,,4,3,9,4700,0,3,5,,2,003,"SISSEL GULCH RD","SCARFACE RD",34320.00,E,N,A,-,N,,,,,,,,,,Y,4,0,1,1,A,-,08,22107,,N,F,A,A,D,H,-,A,D,0,,,,Y,Y,,F,27,0,0,1,0,0,0,0,0,0,"- ","- ",,,SISKIYOU,UNINCORPORATED,,
6498017,2014,2015-11-20,9145,2014-05-24,0518,018817,,6,3,9,4700,0,1,1,,2,073,"RT 5","LOUIE RD",21120.00,S,N,A,-,Y,SIS,2,5,-,R,27.020,H,-,N,Y,4,0,1,1,A,-,08,22107,,N,E,I,A,A,H,-,B,D,1,,,,Y,Y,,G,25,0,0,1,0,0,0,0,0,0,"- ","- ",,,SISKIYOU,UNINCORPORATED,-122.46327264999999,41.495426899999998
6498979,2014,2014-07-19,9146,2014-04-19,1154,15592,,6,1,9,4700,0,3,5,,2,001,"SUMMIT DR","DEETZ RD",557.00,N,N,A,-,N,,,,,,,,,,Y,3,0,1,1,A,-,08,22107,,N,E,I,A,-,A,H,A,D,0,,,Y,,Y,,C,02,0,1,0,0,0,0,0,0,1,"- ","- ",41.365639999999999,-122.36967,SISKIYOU,UNINCORPORATED,-122.36838664,41.364722399999998
6499907,2014,2015-11-20,9145,2014-05-23,1017,18726,,5,1,9,4700,0,1,1,,2,070,"RT 5","KLAMATH RIVER BR",20064.00,S,N,B,E,Y,SIS,2,5,-,R,54.270,H,-,N,Y,3,0,5,4,A,-,03,22350,,N,C,C,A,A,D,G,A,D,1,,,,Y,Y,,G,25,0,2,3,0,0,0,0,0,0,"- ","- ",,,SISKIYOU,UNINCORPORATED,-122.57691075,41.806128110000003
6500181,2014,2015-02-13,9146,2014-06-04,2145,018347,,3,2,9,4700,0,1,3,,1,021,"BROADWAY AV","RT 89",0.00,,Y,A,-,Y,SIS,2,89,-,-,24.750,I,5,S,Y,4,0,1,2,A,-,12,22450,A,N,D,C,A,A,H,-,C,A,0,,,,Y,Y,,D,22,0,0,1,0,0,0,0,0,0,"- ","- ",41.25112,-122.13625999999999,SISKIYOU,UNINCORPORATED,-122.1345086,41.251100059999999
6533391,2014,2015-04-06,9145,2014-06-23,1330,016707,,1,1,2,4709,0,3,5,,2,002,"DANGEL LN","QUARTZ VALLEY RD",2112.00,S,N,A,-,N,,,,,,,,,,Y,4,0,1,1,A,-,08,22107,,N,E,I,A,A,H,-,A,D,0,,,,,Y,,A,01,0,0,1,0,0,0,0,0,0,"- ","- ",,,SISKIYOU,YREKA,-122.96474560999999,41.618606339999999
6534826,2014,2015-11-20,9145,2014-05-01,1648,018124,,4,2,9,4700,0,1,2,,1,043,"RT 97","COUNTY ROAD A-12",5280.00,N,N,A,-,Y,SIS,2,97,-,R,13.080,H,-,N,Y,4,0,1,1,A,-,01,23152,E,N,E,I,A,A,H,-,A,D,0,,,,,Y,,A,07,0,0,1,0,0,0,0,0,0,"- ","- ",,,SISKIYOU,UNINCORPORATED,-122.22876435000001,41.543173879999998
6542165,2014,2015-11-20,9146,2014-06-25,1450,15873,,3,2,9,4700,0,1,1,,2,012,"RT 5","MOTT RD",3960.00,S,N,B,-,Y,SIS,2,5,-,-,5.110,H,-,S,Y,2,0,1,1,A,-,03,22350,,N,F,A,A,A,H,-,D,D,1,,,Y,,Y,,C,02,1,0,0,0,0,0,0,0,1,"- ","- ",41.250149999999998,-122.25891,SISKIYOU,UNINCORPORATED,-122.25937627,41.250408499999999
6542169,2014,2014-08-27,9146,2014-06-14,2000,15873,,6,2,9,4700,0,3,5,,2,002,"HARRIS SPRINGS RD","RT 89",1584.00,E,N,A,-,N,,,,,,,,,,Y,4,0,1,1,A,-,03,22350,,N,F,A,A,A,H,-,B,D,0,,,,,Y,,A,07,0,0,1,0,0,0,0,0,0,"- ","- ",41.256830000000001,-121.82196999999999,SISKIYOU,UNINCORPORATED,-121.82192696,41.256714729999999
6547268,2014,2016-05-09,9145,2014-06-29,1200,019614,,7,1,9,4700,0,1,3,,1,013,"RT 96","TI BAR RD",8448.00,E,N,A,-,Y,SIS,2,96,-,R,13.870,H,-,E,Y,4,0,1,1,A,-,08,22107,,N,E,I,A,A,H,-,A,D,0,,,,,Y,,D,22,0,0,1,0,0,0,0,0,0,"- ","- ",,,SISKIYOU,UNINCORPORATED,-123.52374082,41.549796569999998
6563726,2014,2014-08-25,9146,2014-07-15,1710,016466,,2,2,9,4700,0,3,5,,2,001,"WEST A BARR RD","CASTLE LAKE RD",29568.00,W,N,A,-,N,,,,,,,,,,Y,4,0,1,2,A,-,08,22107,,N,A,E,A,A,H,-,A,D,0,,,,,Y,,A,08,0,0,1,0,0,0,0,0,0,"- ","- ",41.26632,-122.40604,SISKIYOU,UNINCORPORATED,,
6567056,2014,2014-08-28,9145,2014-07-15,1420,019614,,2,2,9,4700,0,3,5,,2,001,"2ND AV","BUCKHORN RD",0.00,,Y,A,-,N,,,,,,,,,,Y,3,0,1,1,A,-,01,23152,A,N,E,I,A,A,H,-,A,D,0,,,,,Y,Y,A,07,0,1,0,0,0,0,0,0,0,"- ","- ",,,SISKIYOU,UNINCORPORATED,-123.37961995000001,41.79251996
6568754,2014,2016-04-25,9145,2014-07-11,1835,018485,,5,2,9,4700,0,1,1,,2,072,"RT 5","COUNTY ROAD A-12",5808.00,N,N,A,-,Y,SIS,2,5,-,R,39.700,H,-,S,Y,4,0,1,2,A,-,08,22107,,N,C,E,A,A,H,-,A,D,1,,,,,Y,Y,D,22,0,0,1,0,0,0,0,0,0,"- ","- ",,,SISKIYOU,UNINCORPORATED,-122.56071,41.65643747
6569115,2014,2014-08-25,9145,2014-07-05,1209,13713,,6,1,9,4700,0,3,5,,2,001,"DAVIS ST","CRUMPTON ST",160.00,N,N,A,-,N,,,,,,,,,,N,4,0,1,1,A,-,03,22350,,N,F,A,A,A,H,-,A,D,0,,,Y,,Y,,C,02,0,0,1,0,0,0,0,0,1,"- ","- ",,,SISKIYOU,UNINCORPORATED,-123.37647136,41.799406140000002
6579862,2014,2016-04-28,9145,2014-07-25,1950,18398,,5,2,9,4700,0,1,3,,1,010,"RT 96","DOGGETT CREEK RD",528.00,E,N,A,-,Y,SIS,2,96,-,-,82.770,H,-,E,Y,4,0,1,1,C,-,18,,,N,H,H,A,A,H,-,A,D,0,,,Y,,Y,,-,"- ",0,0,1,0,0,0,0,0,1,"- ","- ",,,SISKIYOU,UNINCORPORATED,-122.88719524,41.844822630000003
6579866,2014,2016-04-27,9145,2014-07-22,0410,19711,,2,3,9,4700,0,1,3,,1,060,"RT 263","DRY GULCH BRIDGE",171.00,S,N,B,-,Y,SIS,2,263,-,-,54.490,H,-,S,Y,2,0,1,1,A,-,01,23152,A,N,E,J,A,A,C,-,D,D,0,,,Y,,Y,Y,C,02,1,0,0,0,0,0,0,0,1,"- ","- ",,,SISKIYOU,UNINCORPORATED,-122.60035381,41.799945860000001