CASE_ID,ACCIDENT_YEAR,PROC_DATE,JURIS,COLLISION_DATE,COLLISION_TIME,OFFICER_ID,REPORTING_DISTRICT,DAY_OF_WEEK,CHP_SHIFT,POPULATION,CNTY_CITY_LOC,SPECIAL_COND,BEAT_TYPE,CHP_BEAT_TYPE,CITY_DIVISION_LAPD,CHP_BEAT_CLASS,BEAT_NUMBER,PRIMARY_RD,SECONDARY_RD,DISTANCE,DIRECTION,INTERSECTION,WEATHER_1,WEATHER_2,STATE_HWY_IND,CALTRANS_COUNTY,CALTRANS_DISTRICT,STATE_ROUTE,ROUTE_SUFFIX,POSTMILE_PREFIX,POSTMILE,LOCATION_TYPE,RAMP_INTERSECTION,SIDE_OF_HWY,TOW_AWAY,COLLISION_SEVERITY,NUMBER_KILLED,NUMBER_INJURED,PARTY_COUNT,PRIMARY_COLL_FACTOR,PCF_CODE_OF_VIOL,PCF_VIOL_CATEGORY,PCF_VIOLATION,PCF_VIOL_SUBSECTION,HIT_AND_RUN,TYPE_OF_COLLISION,MVIW,PED_ACTION,ROAD_SURFACE,ROAD_COND_1,ROAD_COND_2,LIGHTING,CONTROL_DEVICE,CHP_ROAD_TYPE,PEDESTRIAN_ACCIDENT,BICYCLE_ACCIDENT,MOTORCYCLE_ACCIDENT,TRUCK_ACCIDENT,NOT_PRIVATE_PROPERTY,ALCOHOL_INVOLVED,STWD_VEHTYPE_AT_FAULT,CHP_VEHTYPE_AT_FAULT,COUNT_SEVERE_INJ,COUNT_VISIBLE_INJ,COUNT_COMPLAINT_PAIN,COUNT_PED_KILLED,COUNT_PED_INJURED,COUNT_BICYCLIST_KILLED,COUNT_BICYCLIST_INJURED,COUNT_MC_KILLED,COUNT_MC_INJURED,PRIMARY_RAMP,SECONDARY_RAMP,LATITUDE,LONGITUDE,COUNTY,CITY,POINT_X,POINT_Y
90590793,2017,2017-12-20,9145,2017-10-28,1848,018124,,6,2,9,4700,0,1,2,,1,043,US-97,"COUNTY ROAD A-12",1056.00,N,N,A,-,Y,,,97,,,,,,,Y,3,0,1,1,A,-,01,23152,A,N,F,A,A,A,H,-,D,D,0,,,,,Y,Y,D,22,0,1,0,0,0,0,0,0,0,"- ","- ",41.535609999999998,-122.23853,SISKIYOU,UNINCORPORATED,-122.23852015,41.535573280000001
90626349,2017,2017-12-26,9146,2017-12-20,1025,016763,,3,1,9,4700,0,1,1,,2,011,"I-5 S/B","PIONEER U/C",100.00,S,N,A,-,Y,,,5,,,,,,S,Y,4,0,1,2,A,-,03,22350,,N,C,C,A,B,H,-,A,D,0,,,,,Y,,A,07,0,0,1,0,0,0,0,0,0,"- ","- ",41.292729999999999,-122.31073000000001,SISKIYOU,UNINCORPORATED,-122.31075328999999,41.292716820000003
90629806,2017,2017-12-29,9145,2017-12-29,0735,016707,,5,1,9,4700,0,1,1,,2,073,"INTERSTATE 5 SOUTHBOUND","PARKS CREEK",8448.00,N,N,E,-,Y,,,5,,,,,,S,N,4,0,1,1,A,-,03,22350,,N,H,A,A,C,H,-,A,D,0,,,,Y,Y,,G,25,0,0,1,0,0,0,0,0,0,"- ","- ",41.518479999999997,-122.4742,SISKIYOU,UNINCORPORATED,-122.47416764,41.518490509999999
90633457,2017,2018-01-04,9145,2017-12-26,0753,017835,,2,1,9,4700,0,1,1,,2,072,"I-5 S/B","GRENADA IRRIGATION DISTRICT",3854.00,S,N,B,E,Y,,,5,,,,,,S,Y,2,0,3,4,A,-,03,22350,,N,B,C,F,C,H,-,A,D,0,Y,,,Y,Y,,G,25,2,1,0,0,2,0,0,0,0,"- ","- ",41.593559999999997,-122.50389,SISKIYOU,UNINCORPORATED,-122.50388773,41.593561049999998
90742919,2018,2018-06-07,9145,2018-05-30,0428,021199,,3,3,9,4700,0,2,4,,1,037,"COUNTY ROAD A-12","RALSTON RD",0.00,,N,A,-,Y,,,,,,,,,,Y,4,0,2,1,A,-,08,22107,,N,F,I,A,A,H,-,D,D,0,,,,,Y,,A,01,0,0,2,0,0,0,0,0,0,"- ","- ",41.643531799316406,-122.48802185058594,SISKIYOU,UNINCORPORATED,,
90749631,2018,2018-06-18,9145,2018-06-14,1113,013713,,4,1,9,4700,0,1,3,,1,011,SR-96,"THOMPSON RIDGE ROAD",2640.00,E,N,A,-,Y,,,96,,,,,,,Y,4,0,1,1,A,-,08,22107,,N,E,I,A,A,H,-,A,A,0,,,,,Y,,A,07,0,0,1,0,0,0,0,0,0,"- ","- ",41.802631378173828,-123.33396148681641,SISKIYOU,UNINCORPORATED,-123.33406829833984,41.802669525146484
90752060,2018,2018-06-20,9145,2018-06-11,1030,018210,,1,1,9,4700,0,1,2,,1,042,US-97,"JUNIPER KNOLL RD",144.00,N,N,A,-,Y,,,97,,,,,,,Y,3,0,3,2,A,-,09,21801,A,N,A,C,A,A,H,-,A,D,0,,,,,Y,,D,22,0,3,0,0,0,0,0,0,0,"- ","- ",41.827850341796875,-122.00666046142578,SISKIYOU,UNINCORPORATED,-122.00647735595703,41.82769775390625
90760599,2018,2018-07-02,9145,2018-06-20,0430,020819,,3,3,9,4700,0,2,4,,1,034,"COUNTY RD A-12","MACHADO LN",5544.00,E,N,A,-,N,,,,,,,,,,Y,3,0,1,1,A,-,01,23152,A,N,E,I,A,A,H,-,D,D,0,,,,,Y,Y,A,01,0,1,0,0,0,0,0,0,0,"- ","- ",41.624118804931641,-122.42365264892578,SISKIYOU,UNINCORPORATED,-122.42364501953125,41.624195098876953
90762407,2018,2018-07-04,9145,2018-06-19,0100,015241,,2,3,9,4700,0,3,5,,2,004,"MATHEWS RD","DURHAM DR",2112.00,N,N,B,-,N,,,,,,,,,,Y,2,0,1,1,A,-,01,23152,F,N,E,I,A,A,H,-,C,D,0,,,,,Y,,D,22,1,0,0,0,0,0,0,0,0,"- ","- ",41.982498168945312,-121.95742034912109,SISKIYOU,UNINCORPORATED,-121.95745086669922,41.981975555419922
90775260,2018,2018-09-18,9145,2018-07-15,1600,019711,,7,2,9,4700,0,3,5,,2,005,"YREKA AGER RD","AGER RD",3168.00,W,N,B,-,N,,,,,,,,,,Y,3,0,2,1,A,-,08,22107,,N,E,I,A,A,H,-,A,D,0,,,,,Y,,A,01,0,2,0,0,0,0,0,0,0,"- ","- ",41.771068572998047,-122.53840637207031,SISKIYOU,UNINCORPORATED,-122.53639221191406,41.771434783935547
90779523,2018,2018-07-30,9145,2018-07-23,2115,018726,,1,2,9,4700,0,1,3,,1,021,SR-3,"KELLEMS LANE",2112.00,S,N,B,-,Y,,,3,,,,,,,Y,3,0,3,2,A,-,09,21804,A,N,D,C,A,A,H,-,D,D,0,,,,,Y,,A,08,0,3,0,0,0,0,0,0,0,"- ","- ",41.519298553466797,-122.90672302246094,SISKIYOU,UNINCORPORATED,-122.90676879882812,41.519298553466797
90792249,2018,2018-08-16,9145,2018-07-25,1050,013713,,3,1,9,4700,0,1,3,,1,061,SR-96,"WALKER ROAD",528.00,W,N,A,-,Y,,,96,,,,,,,Y,2,0,1,2,A,-,03,22350,,N,F,A,A,A,H,-,A,A,0,,,,Y,Y,,G,27,1,0,0,0,0,0,0,0,0,"- ","- ",41.826541900634766,-122.98117065429688,SISKIYOU,UNINCORPORATED,-122.98116302490234,41.826519012451172
90798998,2018,2018-08-27,9145,2018-08-20,1235,015241,,1,1,9,4700,0,1,2,,1,035,US-97,"DEER MOUNTAIN RD",4224.00,S,N,A,-,Y,,,97,,,,,,,Y,3,0,3,1,A,-,08,22107,,N,F,A,A,A,H,-,A,D,0,,,,,Y,,A,01,0,3,0,0,0,0,0,0,0,"- ","- ",41.571178436279297,-122.1968994140625,SISKIYOU,UNINCORPORATED,-122.19698333740234,41.571258544921875
90817785,2018,2018-09-20,9145,2018-09-10,1250,015839,,1,1,9,4700,0,3,5,,2,005,"AGER BESWICK RD","AGER RD",387.00,E,N,A,-,N,,,,,,,,,,N,2,0,1,1,B,-,22,,,N,F,A,A,A,G,-,A,D,0,,Y,,,Y,,L,04,1,0,0,0,0,0,1,0,0,"- ","- ",41.86566162109375,-122.46308135986328,SISKIYOU,UNINCORPORATED,-122.46316528320312,41.865631103515625
90850341,2018,2018-10-31,9146,2018-10-19,1905,015588,,5,2,9,4700,0,3,5,,2,001,"LASSEN LANE","SMITH RD.",475.00,W,N,A,-,N,,,,,,,,,,N,3,0,1,2,A,-,08,22107,,F,C,G,A,A,H,-,D,D,0,,Y,,,Y,,-,99,0,1,0,0,0,0,1,0,0,"- ","- ",41.319301605224609,-122.32830047607422,SISKIYOU,UNINCORPORATED,-122.32841491699219,41.319370269775391
90867232,2018,2018-11-26,9146,2018-11-24,2150,020514,,6,2,9,4700,0,3,5,,2,002,"CALIFORNIA AVENUE","PINE STREET",182.00,S,N,A,-,N,,,,,,,,,,N,3,0,1,2,A,-,08,22107,,N,G,B,E,A,H,-,D,D,0,Y,,,,Y,,A,07,0,1,0,0,1,0,0,0,0,"- ","- ",41.252731323242188,-122.13841247558594,SISKIYOU,UNINCORPORATED,-122.13840484619141,41.252902984619141
90868699,2018,2018-11-27,9145,2018-11-23,1038,016857,,5,1,9,4700,0,1,1,,2,070,"I-5 S/B","COTTONWOOD CREEK BR 2-175",2270.00,N,N,B,C,Y,,,5,,,,,,S,Y,3,0,1,1,C,-,18,,,N,H,H,A,B,H,-,A,D,0,,,,,Y,,-,"- ",0,1,0,0,0,0,0,0,0,"- ","- ",41.937000274658203,-122.58409881591797,SISKIYOU,UNINCORPORATED,-122.58426666259766,41.936927795410156
90877905,2018,2018-12-07,9146,2018-12-01,2128,019167,,6,2,9,4700,0,3,5,,2,001,"WA BARR RD.","HOLIDAY CT.",100.00,S,N,B,-,N,,,,,,,,,,Y,2,0,1,1,A,-,03,22350,,N,E,I,A,C,H,-,D,A,0,,,,,Y,,A,07,1,0,0,0,0,0,0,0,0,"- ","- ",41.28948974609375,-122.32166290283203,SISKIYOU,UNINCORPORATED,-122.32169342041016,41.289482116699219
90882812,2018,2018-12-13,9145,2018-12-12,0445,014553,,3,3,9,4700,0,1,1,,2,073,"I-5 NORTHBOUND","SHASTA RIVER BRIDGE (SOUTH)",222.00,N,N,A,-,Y,,,5,,,,,,N,Y,3,0,1,1,A,-,03,22350,,N,F,A,A,C,H,-,D,D,0,,,,Y,Y,,G,25,0,1,0,0,0,0,0,0,0,"- ","- ",41.438308715820312,-122.43167114257812,SISKIYOU,UNINCORPORATED,-122.43163299560547,41.438350677490234
90893657,2018,2018-12-28,9145,2018-12-20,1550,018398,,4,2,9,4700,0,1,3,,1,061,"SR-96 W/B","KLAMATH RIVER ROAD",5808.00,W,N,B,C,Y,,,96,,,,,,W,Y,3,0,1,1,A,-,01,23152,A,N,E,I,A,B,H,-,A,D,0,,,,,Y,Y,A,07,0,1,0,0,0,0,0,0,0,"- ","- ",41.835109710693359,-122.63748931884766,SISKIYOU,UNINCORPORATED,-122.63747406005859,41.835079193115234
90896398,2018,2019-01-02,9145,2018-12-25,1628,018817,,2,2,2,4709,0,1,1,,2,073,"I-5 S/B","EDGEWOOD RD",10560.00,N,N,A,-,Y,,,,,,,,,,Y,3,0,1,1,A,-,08,22107,,N,E,I,A,A,H,-,A,D,0,,,,,Y,,A,01,0,1,0,0,0,0,0,0,0,"- ","- ",41.498149871826172,-122.465087890625,SISKIYOU,YREKA,,
90913940,2019,2019-01-28,9145,2019-01-24,0300,014553,,4,3,9,4700,0,2,4,,1,034,"BIG SPRINGS ROAD","JUNIPER VALLEY DR.",397.00,N,N,A,-,N,,,,,,,,,,Y,3,0,1,1,C,-,18,,,N,F,A,A,A,H,-,D,D,0,,,,,Y,,-,"- ",0,1,0,0,0,0,0,0,0,"- ","- ",41.541591644287109,-122.36679840087891,SISKIYOU,UNINCORPORATED,-122.3668212890625,41.541572570800781
90918798,2018,2019-02-04,9145,2018-12-11,0947,016340,,2,1,9,4700,0,1,3,,1,021,"STATE ROUTE 3","NAOMI DRIVE",540.00,N,N,B,-,Y,,,3,,,,,,,Y,1,1,0,1,A,-,08,22107,,N,E,I,A,A,H,-,A,D,0,,,,,Y,Y,A,01,0,0,0,0,0,0,0,0,0,"- ","- ",41.521099090576172,-122.90650177001953,SISKIYOU,UNINCORPORATED,-122.90677642822266,41.521099090576172
90920856,2019,2019-02-06,9145,2019-01-26,0847,018124,,6,1,9,4700,0,1,2,,1,042,US-97,"JEROME ROAD",301.00,S,N,A,-,Y,,,97,,,,,,,Y,3,0,1,1,A,-,08,22107,,N,E,I,A,A,H,-,A,D,0,,,,,Y,,A,01,0,1,0,0,0,0,0,0,0,"- ","- ",41.756240844726562,-122.06642913818359,SISKIYOU,UNINCORPORATED,-122.06633758544922,41.756191253662109
90933297,2019,2019-02-25,9145,2019-02-21,0800,016340,,4,1,9,4700,0,1,1,,2,072,"INTERSTATE 5","SISKIYOU BLVD",200.00,S,N,A,-,Y,,,5,,,,,,,Y,4,0,1,2,A,-,03,22350,,N,C,C,A,C,H,-,A,D,0,,,,,Y,,A,01,0,0,1,0,0,0,0,0,0,"- ","- ",41.627201080322266,-122.52120208740234,SISKIYOU,UNINCORPORATED,-122.52120208740234,41.627197265625
90937708,2019,2019-03-01,9145,2019-02-21,0855,018124,,4,1,9,4700,0,1,2,,1,041,US-97,"RICHARDSON ROAD",8976.00,S,N,D,-,Y,,,97,,,,,,,Y,3,0,2,1,A,-,03,22350,,N,E,I,A,C,H,-,A,D,0,,,,,Y,,D,22,0,1,1,0,0,0,0,0,0,"- ","- ",41.929790496826172,-121.9400634765625,SISKIYOU,UNINCORPORATED,-121.94011688232422,41.929824829101562
90940238,2019,2019-03-05,9146,2019-02-25,1140,015592,,1,1,9,4700,0,1,1,,2,010,"I-5 S/B TO TRUCK VILLAGE DRIVE","TRUCK VILLAGE DRIVE",1056.00,N,N,D,-,Y,,,5,,,,R,,S,Y,4,0,1,1,A,-,03,22350,,N,F,A,A,C,H,-,A,D,0,,,,,Y,,D,22,0,0,1,0,0,0,0,0,0,"- ","- ",41.370601654052734,-122.37329864501953,SISKIYOU,UNINCORPORATED,-122.37329864501953,41.370601654052734
90940424,2019,2019-03-06,9145,2019-02-24,0530,021593,,7,3,9,4700,0,1,3,,1,061,SR-96,"TREES OF HEAVEN ENTRANCE",150.00,E,N,B,-,Y,,,96,,,,,,,N,4,0,1,1,A,-,08,22107,,N,E,I,A,A,H,-,D,D,0,,,,,Y,,A,01,0,0,1,0,0,0,0,0,0,"- ","- ",41.830581665039062,-122.65778350830078,SISKIYOU,UNINCORPORATED,-122.65779876708984,41.830638885498047
90940974,2019,2019-03-11,9146,2019-02-22,2200,017955,,5,3,9,4700,0,2,4,,1,015,"NORTH OLD STAGE ROAD","ALPINE RD.",313.00,N,N,B,-,N,,,,,,,,,,N,3,0,1,2,A,-,11,21956,A,N,G,B,E,A,H,-,D,D,0,Y,,,,Y,Y,N,60,0,1,0,0,1,0,0,0,0,"- ","- ",41.338298797607422,-122.35330200195312,SISKIYOU,UNINCORPORATED,-122.35337066650391,41.338050842285156
90942748,2019,2019-03-08,9145,2019-03-02,1930,018398,,6,2,9,4700,0,2,4,,1,037,"COUNTY ROAD A-12","REYNOLDS WAY",319.00,W,N,A,-,N,,,,,,,,,,Y,4,0,1,2,C,-,18,,,N,E,H,A,A,H,-,D,D,0,,,,,Y,,-,"- ",0,0,1,0,0,0,0,0,0,"- ","- ",41.624088287353516,-122.38223266601562,SISKIYOU,UNINCORPORATED,-122.38223266601562,41.624088287353516
90951174,2019,2019-03-22,9145,2019-03-11,1600,020700,,1,2,9,4700,0,3,5,,2,005,"UNNAMED DIRT ROAD",SR-263,100.00,E,N,A,-,N,,,,,,,,,,Y,3,0,1,1,A,-,01,23152,F,N,F,A,A,A,H,-,A,D,0,,,,,Y,,A,01,0,1,0,0,0,0,0,0,0,"- ","- ",41.799110412597656,-122.60131072998047,SISKIYOU,UNINCORPORATED,,
90953791,2019,2019-06-28,9145,2019-03-09,0705,018151,,6,1,9,4700,0,1,1,,2,072,"I-5 N/B","LOUIE RD",9504.00,N,N,B,-,Y,,,5,,,,,,N,Y,1,1,1,1,A,-,08,22107,,N,F,A,A,A,H,-,A,D,0,,,,,Y,,A,01,0,1,0,0,0,0,0,0,0,"- ","- ",41.577480316162109,-122.49910736083984,SISKIYOU,UNINCORPORATED,-122.49918365478516,41.577449798583984
90953865,2019,2019-03-26,9146,2019-03-24,1355,020593,,7,1,9,4700,0,1,1,,2,011,"I-5 NORTHBOUND","MOTT ROAD",4752.00,N,N,B,-,Y,,,5,,,,,,N,Y,4,0,1,1,A,-,08,22107,,N,E,I,A,A,H,-,A,D,0,,,,,Y,,A,07,0,0,1,0,0,0,0,0,0,"- ","- ",41.269851684570312,-122.27838134765625,SISKIYOU,UNINCORPORATED,-122.27848815917969,41.269744873046875
90962400,2019,2019-04-05,9145,2019-03-31,1720,018398,,7,2,9,4700,0,3,5,,2,005,"HAWKINSVILLE HUMBUG ROAD","CANAL GULCH ROAD",5808.00,W,N,B,-,N,,,,,,,,,,Y,3,0,1,1,A,-,01,23152,A,N,F,A,A,A,H,-,A,D,0,,,,,Y,Y,A,07,0,1,0,0,0,0,0,0,0,"- ","- ",41.782009124755859,-122.64643859863281,SISKIYOU,UNINCORPORATED,-122.64515686035156,41.781047821044922
90964631,2019,2019-04-09,9145,2019-03-27,0400,013713,,3,3,9,4700,0,1,3,,1,013,SR-96,"IRVING CREEK",6336.00,E,N,B,-,Y,,,96,,,,,,,Y,3,0,2,1,A,-,08,22107,,N,F,A,A,B,H,-,D,D,0,,,,,Y,,A,01,0,1,1,0,0,0,0,0,0,"- ","- ",41.479751586914062,-123.51035308837891,SISKIYOU,UNINCORPORATED,-123.51033020019531,41.479763031005859
90965822,2019,2019-04-12,9145,2019-03-27,1545,018124,,3,2,9,4700,0,1,2,,1,042,US-97,"MACDOEL DIST RD",34.00,S,N,B,-,Y,,,97,,,,,,,Y,3,0,1,1,A,-,08,22107,,N,E,I,A,A,H,-,A,D,0,,,,,Y,,M,47,0,1,0,0,0,0,0,0,0,"- ","- ",41.793411254882812,-122.03558349609375,SISKIYOU,UNINCORPORATED,-122.03539276123047,41.793251037597656
90986549,2019,2019-05-13,9146,2019-05-05,1414,019167,,7,2,9,4700,0,2,4,,1,015,"S. OLD STAGE RD.","HATCHERY LN.",47.00,S,N,A,-,N,,,,,,,,,,N,3,0,1,2,A,-,05,21460,A,N,B,G,A,A,H,-,A,D,0,,Y,,,Y,,L,04,0,1,0,0,0,0,1,0,0,"- ","- ",41.308708190917969,-122.32649230957031,SISKIYOU,UNINCORPORATED,-122.32649230957031,41.308807373046875
90992204,2019,2019-05-20,9145,2019-05-16,0825,017540,,4,1,9,4700,0,3,5,,2,005,"OBERLIN RD","COMSTOCK DR",33.00,W,N,B,-,N,,,,,,,,,,Y,4,0,3,2,A,-,09,21802,A,N,D,C,A,A,H,-,A,A,0,,,,Y,Y,,A,01,0,0,3,0,0,0,0,0,0,"- ","- ",41.713809967041016,-122.62333679199219,SISKIYOU,UNINCORPORATED,-122.62358856201172,41.713817596435547
91003831,2019,2019-06-05,9145,2019-02-28,0520,020819,,4,3,9,4700,0,1,1,,2,070,"I-5 N/B","KLAMATHON RD",2534.00,S,N,B,-,Y,,,5,,,,,,N,Y,1,1,0,2,A,-,03,22350,,F,G,B,E,C,C,-,D,D,0,Y,,,Y,Y,,G,25,0,0,0,1,0,0,0,0,0,"- ","- ",41.833339691162109,-122.57879638671875,SISKIYOU,UNINCORPORATED,-122.57884979248047,41.833389282226562
91007457,2019,2019-06-11,9145,2019-06-06,1538,018151,,4,2,9,4700,0,2,4,,1,037,"BIG SPRINGS RD","COUNTY ROAD A-12",0.00,,Y,A,-,N,,,,,,,,,,Y,4,0,2,2,A,-,09,21802,A,N,D,C,A,A,H,-,A,D,0,,,,,Y,,A,01,0,0,2,0,0,0,0,0,0,"- ","- ",41.623870849609375,-122.39954376220703,SISKIYOU,UNINCORPORATED,-122.399556,41.623868000000002
91013720,2019,2019-06-20,9145,2019-06-13,1400,016857,,4,2,9,4700,0,2,4,,1,034,"BIG SPRINGS RD","COUNTY ROAD A-12",0.00,,Y,A,-,Y,,,,,,,,,,Y,3,0,1,2,A,-,01,23152,A,N,D,D,A,A,H,-,A,A,0,,,,Y,Y,Y,A,01,0,1,0,0,0,0,0,0,0,"- ","- ",41.624000549316406,-122.39969635009766,SISKIYOU,UNINCORPORATED,,
91028233,2019,2019-07-10,9145,2019-06-30,0100,018254,,7,3,9,4700,0,1,3,,1,080,SR-161,"SOUTH MERRILL ROAD",528.00,W,N,B,-,Y,,,161,,,,,,,Y,3,0,1,1,A,-,01,23152,A,N,F,A,A,A,H,-,D,D,0,,,,,Y,Y,A,01,0,1,0,0,0,0,0,0,0,"- ","- ",41.998950958251953,-121.60218048095703,SISKIYOU,UNINCORPORATED,-121.60218048095703,41.998954772949219
91028775,2019,2019-07-11,9146,2019-07-06,1845,020593,,6,2,9,4700,0,1,1,,2,011,"S. MT SHASTA BLVD ON RAMP TO I-5 S/B",SR-89,1315.00,N,N,A,-,Y,,,,,,,,,,Y,2,0,1,1,A,-,01,23152,A,N,F,A,A,A,H,-,A,D,0,,,Y,,Y,Y,C,02,1,0,0,0,0,0,0,0,1,"- ","- ",41.286319732666016,-122.30631256103516,SISKIYOU,UNINCORPORATED,,
91035117,2019,2019-07-22,9146,2019-07-10,1655,019430,,3,2,2,4708,0,1,1,,2,010,"I-5 N/B","S. WEED BLVD.",300.00,S,N,A,-,Y,,,5,,,,,,N,Y,3,0,1,1,A,-,08,22107,,N,F,A,A,A,H,-,A,D,0,,,,,Y,,B,07,0,1,0,0,0,0,0,0,0,"- ","- ",41.417629241943359,-122.38311767578125,SISKIYOU,WEED,-122.38304138183594,41.417667388916016
91036725,2019,2021-03-08,9146,2019-07-17,1545,018347,,3,2,9,4700,0,3,5,,2,002,"UPLAND RD.","PRIVATE DRIVEWAY- 1234 UPLAND RD.",8.00,S,N,A,-,N,,,,,,,,,,Y,3,0,2,2,A,-,09,21804,A,N,D,C,A,A,H,-,A,D,0,,,,,Y,,A,07,0,2,0,0,0,0,0,0,0,"- ","- ",41.301399230957031,-122.29360198974609,SISKIYOU,UNINCORPORATED,-122.29332733154297,41.300960540771484
91037802,2019,2019-07-25,9145,2019-07-16,0130,019614,,2,3,9,4700,0,1,3,,1,012,"W/B SR-96","SIDEWINDER ROAD",3168.00,E,N,A,-,Y,,,96,,,,,,,Y,3,0,2,1,A,-,03,22350,,N,E,I,A,A,H,-,D,D,0,,,,,Y,,D,22,0,2,0,0,0,0,0,0,0,"- ","- ",41.577400207519531,-123.54109954833984,SISKIYOU,UNINCORPORATED,-123.54108428955078,41.577392578125
91050531,2019,2019-08-12,9146,2019-08-08,0810,015588,,4,1,9,4700,0,1,1,,2,011,"I-5 S/B (GOLDEN STATE FREEWAY)","W. LAKE ST.",1500.00,N,N,A,-,Y,,,,,,,,,,Y,4,0,2,1,A,-,08,22107,,N,E,I,A,A,H,-,A,D,0,,,,,Y,,D,22,0,0,2,0,0,0,0,0,0,"- ","- ",,,SISKIYOU,UNINCORPORATED,,
91052805,2019,2019-10-07,9145,2019-08-01,0010,018817,,4,3,9,4700,0,3,5,,2,005,"HARRY CASH RD","LESLIE LANE",5280.00,S,N,A,-,N,,,,,,,,,,Y,1,1,0,1,A,-,08,22107,,N,F,A,A,A,H,-,D,D,0,,,,,Y,,D,22,0,0,0,0,0,0,0,0,0,"- ","- ",41.633308410644531,-122.33685302734375,SISKIYOU,UNINCORPORATED,-122.33641052246094,41.632987976074219
91052980,2019,2019-08-15,9146,2019-08-14,1421,016333,,3,2,9,4700,0,1,1,,2,011,"I-5 S/B","LAKE STREET",1584.00,S,N,A,-,Y,,,5,,,,,,S,Y,2,0,1,1,A,-,08,22107,,N,E,I,A,A,H,-,A,D,0,,,,,Y,,A,01,1,0,0,0,0,0,0,0,0,"- ","- ",41.305198669433594,-122.31759643554688,SISKIYOU,UNINCORPORATED,-122.317626953125,41.305187225341797
91054639,2019,2019-08-19,9145,2019-08-10,1111,017793,,6,1,9,4700,0,3,5,,2,004,"AGER BESWICK RD","LITTLE BOGUS CREEK RD",6336.00,E,N,B,-,N,,,,,,,,,,Y,3,0,1,1,A,-,08,22107,,N,F,A,A,A,H,-,A,D,0,,,,,Y,,D,22,0,1,0,0,0,0,0,0,0,"- ","- ",41.901409149169922,-122.39021301269531,SISKIYOU,UNINCORPORATED,-122.39107513427734,41.900600433349609
91058527,2019,2019-09-06,9145,2019-08-16,1250,016340,,5,1,9,4700,0,1,3,,1,020,"STATE ROUTE 3","PEACH ORCHARD RD",14256.00,N,N,A,-,Y,,,3,,,,,,,Y,4,0,1,1,A,-,01,23152,A,N,E,I,A,A,H,-,A,D,0,,,,,Y,Y,D,22,0,0,1,0,0,0,0,0,0,"- ","- ",41.660221099853516,-122.73779296875,SISKIYOU,UNINCORPORATED,-122.73775482177734,41.660186767578125
91070823,2019,2019-09-09,9146,2019-09-07,1504,020647,,6,2,9,4700,0,1,1,,2,011,"I-5 N/B","SR-89 OVERCROSSING",410.00,S,N,A,-,Y,,,5,,,,,,N,Y,4,0,2,2,A,-,03,22350,,N,C,C,A,A,H,-,A,D,0,,,,,Y,,-,28,0,0,2,0,0,0,0,0,0,"- ","- ",41.284469604492188,-122.30087280273438,SISKIYOU,UNINCORPORATED,-122.30087280273438,41.284458160400391
91073491,2019,2019-09-12,9146,2019-09-02,1740,017955,,1,2,9,4700,0,2,4,,1,015,"AZALEA DR.","S. OLD STAGE RD.",4.00,E,N,A,-,N,,,,,,,,,,N,4,0,1,2,A,-,08,22107,,N,G,B,E,A,H,-,A,A,0,Y,,,,Y,,A,01,0,0,1,0,1,0,0,0,0,"- ","- ",41.279800415039062,-122.30359649658203,SISKIYOU,UNINCORPORATED,-122.30364990234375,41.279960632324219
91079286,2019,2019-09-20,9145,2019-09-19,0655,017540,,4,1,9,4700,0,3,5,,2,003,"LOUIE RD","SLOUGH RD",8976.00,E,N,B,-,N,,,,,,,,,,Y,2,0,2,1,A,-,08,22107,,N,E,I,A,B,H,-,A,D,0,,,,,Y,,D,22,1,1,0,0,0,0,0,0,0,"- ","- ",41.573360443115234,-122.46485900878906,SISKIYOU,UNINCORPORATED,-122.46429443359375,41.574066162109375
91095137,2019,2019-10-10,9145,2019-10-08,1645,018151,,2,2,9,4700,0,2,4,,1,037,A-12,"BONANZA RD",470.00,W,N,A,-,N,,,,,,,,,,Y,2,0,1,1,A,-,08,22107,,N,F,A,A,A,H,-,A,D,0,,,,,Y,,D,22,1,0,0,0,0,0,0,0,0,"- ","- ",41.566600799560547,-122.26540374755859,SISKIYOU,UNINCORPORATED,-122.26540374755859,41.566600799560547
91098737,2019,2019-10-16,9145,2019-10-08,2100,019614,,2,2,9,4700,0,1,3,,1,011,"SR-96 E/B","OLD HIGHWAY 96",2640.00,E,N,A,-,Y,,,,,,,,,,Y,3,0,1,1,A,-,08,22107,,N,F,A,A,A,H,-,D,D,0,,,,,Y,Y,A,01,0,1,0,0,0,0,0,0,0,"- ","- ",41.483280181884766,-123.21299743652344,SISKIYOU,UNINCORPORATED,-123.36505126953125,41.808555603027344