CASE_ID,ACCIDENT_YEAR,PROC_DATE,JURIS,COLLISION_DATE,COLLISION_TIME,OFFICER_ID,REPORTING_DISTRICT,DAY_OF_WEEK,CHP_SHIFT,POPULATION,CNTY_CITY_LOC,SPECIAL_COND,BEAT_TYPE,CHP_BEAT_TYPE,CITY_DIVISION_LAPD,CHP_BEAT_CLASS,BEAT_NUMBER,PRIMARY_RD,SECONDARY_RD,DISTANCE,DIRECTION,INTERSECTION,WEATHER_1,WEATHER_2,STATE_HWY_IND,CALTRANS_COUNTY,CALTRANS_DISTRICT,STATE_ROUTE,ROUTE_SUFFIX,POSTMILE_PREFIX,POSTMILE,LOCATION_TYPE,RAMP_INTERSECTION,SIDE_OF_HWY,TOW_AWAY,COLLISION_SEVERITY,NUMBER_KILLED,NUMBER_INJURED,PARTY_COUNT,PRIMARY_COLL_FACTOR,PCF_CODE_OF_VIOL,PCF_VIOL_CATEGORY,PCF_VIOLATION,PCF_VIOL_SUBSECTION,HIT_AND_RUN,TYPE_OF_COLLISION,MVIW,PED_ACTION,ROAD_SURFACE,ROAD_COND_1,ROAD_COND_2,LIGHTING,CONTROL_DEVICE,CHP_ROAD_TYPE,PEDESTRIAN_ACCIDENT,BICYCLE_ACCIDENT,MOTORCYCLE_ACCIDENT,TRUCK_ACCIDENT,NOT_PRIVATE_PROPERTY,ALCOHOL_INVOLVED,STWD_VEHTYPE_AT_FAULT,CHP_VEHTYPE_AT_FAULT,COUNT_SEVERE_INJ,COUNT_VISIBLE_INJ,COUNT_COMPLAINT_PAIN,COUNT_PED_KILLED,COUNT_PED_INJURED,COUNT_BICYCLIST_KILLED,COUNT_BICYCLIST_INJURED,COUNT_MC_KILLED,COUNT_MC_INJURED,PRIMARY_RAMP,SECONDARY_RAMP,LATITUDE,LONGITUDE,COUNTY,CITY,POINT_X,POINT_Y
90008372,2015,2015-10-19,9145,2015-08-04,1400,019030,,2,2,9,4700,0,3,5,,2,005,"BIG SPRINGS RD","SUNSET RD",946.00,S,N,A,-,N,,,,,,,,,,Y,4,0,1,1,A,-,08,22107,,N,E,I,A,A,H,-,A,D,0,,,,,Y,,A,07,0,0,1,0,0,0,0,0,0,"- ","- ",41.501249999999999,-122.39901999999999,SISKIYOU,UNINCORPORATED,-122.39942469,41.581973550000001
90008704,2015,2015-10-19,9145,2015-08-10,0230,018124,,1,3,9,4700,0,1,2,,1,041,US-97,"RICHARDSON RD",6864.00,S,N,B,-,Y,,,97,,,,,,,Y,3,0,2,1,A,-,08,22107,,N,F,A,A,A,H,-,D,D,0,,,,,Y,,A,01,0,1,1,0,0,0,0,0,0,"- ","- ",41.934919999999998,-121.93661,SISKIYOU,UNINCORPORATED,-121.93663961999999,41.934940089999998
90010081,2015,2015-10-19,9146,2015-08-07,1648,016763,,5,2,9,4700,0,1,1,,2,011,"I-5 S/B","REAM AVE.",1584.00,N,N,A,-,Y,,,5,,,,,,S,Y,3,0,1,2,A,-,01,23152,A,N,C,C,A,A,H,-,A,D,0,,,,,Y,Y,A,01,0,1,0,0,0,0,0,0,0,"- ","- ",41.303930000000001,-122.31695999999999,SISKIYOU,UNINCORPORATED,-122.31693946,41.30394123
90011977,2015,2015-10-19,9145,2015-07-25,1332,016006,,6,1,9,4700,0,1,1,,2,070,"INTERSTATE 5","DITCH CREEK ROAD",3696.00,N,N,A,-,Y,,,,,,,,,,N,4,0,1,2,D,-,00,,,N,G,B,E,A,H,-,A,A,0,Y,,,,Y,,-,"- ",0,0,1,0,1,0,0,0,0,"- ","- ",,,SISKIYOU,UNINCORPORATED,,
90012143,2015,2015-10-19,9145,2015-08-23,1348,018124,,7,1,9,4700,0,3,5,,2,004,"JUNIPER KNOLL RD","SHEEP MTN RD",5808.00,W,N,A,-,N,,,,,,,,,,Y,4,0,1,1,A,-,03,22350,,N,F,A,A,A,H,-,A,D,0,,,,,Y,,A,07,0,0,1,0,0,0,0,0,0,"- ","- ",,,SISKIYOU,UNINCORPORATED,,
90017263,2015,2015-10-19,9146,2015-09-08,1800,016763,,2,2,9,4700,0,1,1,,2,010,"I-5 N/B OFF RAMP TO WEED BOULEVARD","WEED BLVD.",10.00,S,N,A,-,Y,,,,,,,,,,N,4,0,1,2,A,-,03,22350,,N,C,C,A,A,H,-,A,A,0,,,,,Y,,D,22,0,0,1,0,0,0,0,0,0,"- ","- ",41.418860000000002,-122.38257,SISKIYOU,UNINCORPORATED,,
90018000,2015,2015-10-19,9145,2015-09-07,2130,014441,,1,2,9,4700,0,3,5,,2,008,"WRIGHT ROAD","EAST-WEST ROAD",1056.00,S,N,A,-,N,,,,,,,,,,Y,2,0,2,1,A,-,08,22107,,F,F,A,A,A,H,-,D,D,0,,,,,Y,,A,07,1,1,0,0,0,0,0,0,0,"- ","- ",41.950530000000001,-121.49616,SISKIYOU,UNINCORPORATED,-121.49614,41.950731570000002
90023288,2015,2015-10-19,9146,2015-09-22,0415,014814,,2,3,1,4702,0,1,1,,2,012,"I-5 S/B","SISKIYOU AVE OC",500.00,S,N,A,-,Y,,,5,,,,,,S,Y,4,0,2,1,C,-,18,,,N,H,H,A,A,H,-,C,D,0,,,,,Y,,-,"- ",0,0,2,0,0,0,0,0,0,"- ","- ",41.219839999999998,-122.27487000000001,SISKIYOU,DUNSMUIR,-122.27508416000001,41.219796709999997
90026951,2015,2015-10-19,9145,2015-09-29,0048,15241,,2,3,9,4700,0,1,2,,1,035,US-97,"COUNTY ROAD A-12",8448.00,N,N,A,-,Y,,,97,,,,,,,Y,4,0,1,1,C,-,18,,,N,E,H,A,A,H,-,D,D,0,,,,,Y,,-,"- ",0,0,1,0,0,0,0,0,0,"- ","- ",41.550910000000002,-122.2206,SISKIYOU,UNINCORPORATED,-122.2205642,41.550856260000003
90027642,2015,2015-10-19,9145,2015-10-05,1655,016707,,1,2,9,4700,0,1,3,,1,060,SR-263,"HUDSON ROAD",6336.00,S,N,A,-,Y,,,,,,,,,,N,2,0,1,1,A,-,01,23152,A,N,E,I,A,A,H,-,A,D,0,,,Y,,Y,Y,C,02,1,0,0,0,0,0,0,0,1,"- ","- ",,,SISKIYOU,UNINCORPORATED,-122.59296182,41.80926375
9003011,2018,2019-12-28,4709,2018-09-21,1157,1510,,5,5,2,4709,0,0,0,,0,,"4TH ST","YREKA ST",0.00,,N,A,-,N,,,,,,,,,,N,4,0,1,2,A,-,09,21802,,N,D,D,A,A,H,-,A,A,0,,,,,Y,,D,22,0,0,1,0,0,0,0,0,0,"- ","- ",,,SISKIYOU,YREKA,-122.63950347900391,41.726280212402344
90040479,2015,2015-10-29,9145,2015-10-20,1700,016707,,2,2,9,4700,0,3,5,,2,002,"STATE ROUTE 3","SUGAR CREEK",3168.00,N,N,A,-,Y,,,,,,,,,,Y,2,0,1,1,C,-,18,,,N,H,H,A,A,H,-,A,D,0,,,Y,,Y,,-,"- ",1,0,0,0,0,0,0,0,1,"- ","- ",,,SISKIYOU,UNINCORPORATED,-122.83117885,41.348533379999999
90043707,2015,2015-11-03,9145,2015-11-01,1528,018619,,7,2,9,4700,0,1,1,,2,072,"I-5 S/B","LOUIE RD",4224.00,S,N,B,-,Y,,,5,,,,,,S,Y,4,0,1,1,A,-,08,22107,,N,E,I,A,A,H,-,A,D,0,,,,,Y,,A,07,0,0,1,0,0,0,0,0,0,"- ","- ",41.539430000000003,-122.48033,SISKIYOU,UNINCORPORATED,-122.48038054,41.539398179999999
90047686,2015,2015-11-10,9145,2015-10-27,1411,016340,,2,2,2,4709,0,1,1,,2,071,"INTERSTATE 5 NORTHBOUND","MONTAGUE RD",1056.00,S,N,B,-,Y,,,,,,,,,,Y,4,0,1,2,A,-,07,21658,A,M,B,C,A,A,H,-,A,D,0,,,,Y,Y,,G,25,0,0,1,0,0,0,0,0,0,"- ","- ",41.442100000000003,-122.374,SISKIYOU,YREKA,,
90047856,2015,2015-11-10,9145,2015-11-02,1002,014441,,1,1,9,4700,0,1,2,,1,043,US-97,"TENNANT ROAD",13200.00,S,N,D,-,Y,,,97,,,,,,,Y,3,0,2,1,A,-,03,22350,,N,F,A,A,C,H,-,A,D,0,,,,,Y,,A,01,0,2,0,0,0,0,0,0,0,"- ","- ",41.656140000000001,-122.11199999999999,SISKIYOU,UNINCORPORATED,-122.11203352,41.656209529999998
90057865,2015,2015-11-23,9145,2015-11-13,2110,019030,,5,2,9,4700,0,3,5,,2,005,"GREENHORN RD","MARLOW LN",9504.00,W,N,A,-,N,,,,,,,,,,Y,4,0,2,1,A,-,08,22107,,N,F,I,A,A,H,-,D,D,0,,,,,Y,,D,22,0,0,2,0,0,0,0,0,0,"- ","- ",41.729770000000002,-122.72024999999999,SISKIYOU,UNINCORPORATED,-122.7187539,41.729894469999998
90059785,2015,2015-11-25,9146,2015-11-15,1525,015588,,7,2,9,4700,0,2,4,,2,016,"EVERITT MEMORIAL HIGHWAY","SKI VILLAGE DR.",42240.00,N,N,B,D,N,,,,,,,,,,Y,4,0,1,4,A,-,03,22350,,N,B,E,E,C,H,-,A,D,0,Y,,,,Y,,A,07,0,0,1,0,1,0,0,0,0,"- ","- ",41.337879999999998,-122.25833,SISKIYOU,UNINCORPORATED,-122.25405979,41.335597040000003
90062034,2015,2015-11-30,9145,2015-11-12,0318,018151,,4,3,9,4700,0,1,1,,2,072,"I-5 S/B","LOUIE RD",2640.00,N,N,A,-,Y,,,,,,,,,,N,3,0,2,1,C,-,18,,,N,F,A,A,A,G,-,C,D,0,,,,,Y,,-,"- ",0,2,0,0,0,0,0,0,0,"- ","- ",,,SISKIYOU,UNINCORPORATED,,
90068057,2015,2015-12-08,9145,2015-12-07,1540,014553,,1,2,9,4700,0,3,5,,2,005,"OBERLIN ROAD","PHILLIPE LANE",19.00,W,N,B,-,N,,,,,,,,,,Y,4,0,2,2,A,-,03,22350,,N,C,C,A,A,H,-,A,D,0,,,,,Y,,D,22,0,0,2,0,0,0,0,0,0,"- ","- ",,,SISKIYOU,UNINCORPORATED,-122.59371951,41.71134284
90071506,2015,2015-12-11,9145,2015-12-11,0720,012051,,5,1,9,4700,0,3,5,,2,005,"AGER ROAD","COOLEY ROAD",2640.00,S,N,B,-,N,,,,,,,,,,Y,4,0,1,1,A,-,03,22350,,N,F,A,A,B,H,-,A,D,0,,,,,Y,,D,22,0,0,1,0,0,0,0,0,0,"- ","- ",,,SISKIYOU,UNINCORPORATED,-122.50880209,41.799374129999997
90076752,2015,2015-12-17,9145,2015-12-13,0815,016857,,7,1,9,4700,0,1,1,,2,072,"I-5 S/B","COUNTY ROAD A-12",5597.00,N,N,B,D,Y,,,5,,,,,,S,Y,4,0,1,1,A,-,03,22350,,N,E,I,A,C,H,-,A,D,0,,,,,Y,,A,01,0,0,1,0,0,0,0,0,0,"- ","- ",41.653489999999998,-122.55292,SISKIYOU,UNINCORPORATED,-122.55294407,41.653427690000001
90080076,2015,2015-12-22,9145,2015-12-15,0900,017793,,2,1,9,4700,0,3,5,,2,006,"WALKER ROAD","WALKER BRIDGE CONNECTION RD",5808.00,E,N,A,-,N,,,,,,,,,,Y,4,0,1,1,A,-,08,22107,,N,E,I,A,B,H,-,A,A,0,,,,,Y,Y,D,22,0,0,1,0,0,0,0,0,0,"- ","- ",,,SISKIYOU,UNINCORPORATED,-122.84668000000001,41.830100000000002
90081564,2015,2015-12-23,9145,2015-12-21,1250,014553,,1,1,9,4700,0,2,4,,1,031,"OLD HIGHWAY 99","COUNTY ROAD A-12",5808.00,N,N,B,C,N,,,,,,,,,,Y,3,0,1,1,A,-,03,22350,,N,E,I,A,B,H,-,A,D,0,,,,,Y,,D,23,0,1,0,0,0,0,0,0,0,"- ","- ",,,SISKIYOU,UNINCORPORATED,-122.5564912,41.651843749999998
90084181,2015,2015-12-29,9145,2015-12-24,1414,018485,,4,2,9,4700,0,1,1,,2,073,"I-5 N/B","NORTH WEED ONRAMP",500.00,N,N,A,-,Y,,,,,,,,,,Y,2,0,1,1,A,-,08,22107,,N,E,I,A,A,H,-,A,D,0,,,,,Y,,D,22,1,0,0,0,0,0,0,0,0,"- ","- ",,,SISKIYOU,UNINCORPORATED,,
90090756,2015,2016-01-07,9146,2015-12-28,1430,015588,,1,2,9,4700,0,2,4,,2,016,"EVERITT MEMORIAL HWY.","SKI VILLAGE DR.",27456.00,N,N,B,-,N,,,,,,,,,,Y,4,0,2,1,A,-,03,22350,,N,E,I,A,C,H,-,A,D,0,,,,,Y,,A,07,0,0,2,0,0,0,0,0,0,"- ","- ",41.331949999999999,-122.26763,SISKIYOU,UNINCORPORATED,-122.26724532,41.329583
90098092,2016,2016-01-19,9145,2016-01-13,0120,019614,,3,3,9,4700,0,1,3,,1,011,"SR-96 W/B","THOMPSON RIDGE ROAD",4224.00,E,N,C,-,Y,,,,,,,,,,Y,3,0,1,1,A,-,01,23152,A,N,E,I,A,B,H,-,D,D,0,,,,,Y,Y,A,07,0,1,0,0,0,0,0,0,0,"- ","- ",,,SISKIYOU,UNINCORPORATED,,
90103669,2016,2016-01-27,9146,2016-01-24,0330,015150,,7,3,9,4700,0,3,5,,2,001,"COLLEGE AVE.","NORTH OLD STAGE RD.",528.00,E,N,B,-,N,,,,,,,,,,Y,3,0,1,1,A,-,03,22350,,N,E,I,A,B,H,-,D,D,0,,,,,Y,,A,07,0,1,0,0,0,0,0,0,0,"- ","- ",41.401269999999997,-122.41907,SISKIYOU,UNINCORPORATED,-122.41959131,41.400843119999998
90109627,2016,2016-02-04,9145,2016-02-02,0725,014553,,2,1,9,4700,0,1,1,,2,070,"I-5 NORTHBOUND","KLAMATHON ROAD",1105.00,N,N,B,-,Y,,,5,,,,,,N,Y,4,0,1,4,A,-,03,22350,,N,C,C,A,C,H,-,A,D,0,,,,Y,Y,,G,25,0,0,1,0,0,0,0,0,0,"- ","- ",41.856870000000001,-122.57138,SISKIYOU,UNINCORPORATED,-122.57140696,41.856880359999998
90122021,2016,2016-02-23,9145,2016-02-10,1800,018055,,3,2,9,4700,0,1,1,,2,070,SR-96,"TREE OF HEAVEN CAMPGROUND",10032.00,W,N,A,-,Y,,,96,,,,,,,Y,3,0,1,1,A,-,01,23152,A,N,E,I,A,A,H,-,D,D,0,,,,,Y,Y,D,22,0,1,0,0,0,0,0,0,0,"- ","- ",41.846589999999999,-122.68358000000001,SISKIYOU,UNINCORPORATED,-122.6835344,41.846608529999997
90132035,2016,2016-03-08,9146,2016-03-06,1710,018347,,7,2,9,4700,0,1,1,,2,012,"I-5 N/B","SISKIYOU AVE. U/C",3696.00,N,N,D,-,Y,,,5,,,,,,N,Y,4,0,1,1,A,-,03,22350,,N,E,I,A,C,H,-,B,D,0,,,,,Y,,A,07,0,0,1,0,0,0,0,0,0,"- ","- ",41.243070000000003,-122.25991999999999,SISKIYOU,UNINCORPORATED,-122.25987138000001,41.243039279999998
90132525,2016,2016-03-09,9146,2016-03-01,0355,016763,,2,3,9,4700,0,1,1,,2,013,"I-5 S/B","SWEETBRIER AVE.",5280.00,N,N,A,-,Y,,,,,,,,,,Y,3,0,1,1,A,-,08,22107,,N,E,I,A,A,H,-,D,D,0,,,,,Y,,A,01,0,1,0,0,0,0,0,0,0,"- ","- ",41.136600000000001,-122.32161000000001,SISKIYOU,UNINCORPORATED,,
90135522,2016,2016-03-14,9146,2016-03-06,2007,018347,,7,2,9,4700,0,1,3,,1,021,SR-89,"W. COLOMBERO DR.",7392.00,N,N,D,-,Y,,,89,,,,,,,N,4,0,1,2,A,-,03,22350,,N,D,C,A,C,H,-,D,D,0,,,,,Y,,D,22,0,0,1,0,0,0,0,0,0,"- ","- ",41.267949999999999,-122.17796,SISKIYOU,UNINCORPORATED,-122.17795438,41.26795954
90135916,2016,2016-03-14,9146,2016-03-13,1415,015592,,7,2,9,4700,0,1,1,,2,012,"I-5 S/B","SISKIYOU AVENUE",1056.00,S,N,C,-,Y,,,5,,,,,,S,Y,3,0,1,1,A,-,03,22350,,N,E,I,A,B,H,-,A,D,0,,,,,Y,,A,01,0,1,0,0,0,0,0,0,0,"- ","- ",41.233289999999997,-122.27267999999999,SISKIYOU,UNINCORPORATED,-122.27262709999999,41.233235350000001
90141757,2016,2016-03-23,9146,2016-03-21,0710,015150,,1,1,9,4700,0,1,3,,1,021,"SR-89 N/B","SKI PARK HIGHWAY",1584.00,S,N,C,D,Y,,,89,,,,,,N,Y,3,0,1,1,A,-,03,22350,,N,E,I,A,C,H,-,B,D,0,,,,,Y,,A,07,0,1,0,0,0,0,0,0,0,"- ","- ",41.270659999999999,-122.20989,SISKIYOU,UNINCORPORATED,-122.20990163,41.270675699999998
90143009,2016,2016-03-24,9145,2016-03-19,1618,018124,,6,2,9,4700,0,3,5,,2,004,"RED ROCK ROAD","TAYLOR LANE",19536.00,W,N,B,-,N,,,,,,,,,,N,3,0,1,1,A,-,08,22107,,N,F,A,A,A,H,-,A,D,0,,,,,Y,,A,07,0,1,0,0,0,0,0,0,0,"- ","- ",,,SISKIYOU,UNINCORPORATED,-121.88982957,41.765121020000002
90146138,2016,2016-03-28,9145,2016-03-18,2145,018398,,5,2,9,4700,0,1,3,,1,020,"STATE ROUTE 3","MOFFETT CREEK RD",10032.00,N,N,A,-,Y,,,3,,,,,,,Y,3,0,1,1,A,-,13,22515,A,N,G,B,A,A,H,-,D,D,0,,,,,Y,,B,07,0,1,0,0,0,0,0,0,0,"- ","- ",41.661389999999997,-122.73624,SISKIYOU,UNINCORPORATED,-122.73640512999999,41.661485409999997
90146704,2016,2016-03-29,9145,2016-03-18,1900,018254,,5,2,9,4700,0,1,3,,1,080,SR-161,"SOUTH MERRILL ROAD",0.00,,Y,A,-,Y,,,,,,,,,,N,4,0,1,2,A,-,05,21650,,N,D,C,A,A,H,-,D,A,0,,,,Y,Y,,A,01,0,0,1,0,0,0,0,0,0,"- ","- ",,,SISKIYOU,UNINCORPORATED,,
90146725,2016,2016-03-29,9145,2016-03-16,0645,15241,,3,1,9,4700,0,1,2,,1,035,US-97,"COUNTY RD A12",8448.00,N,N,A,-,Y,,,97,,,,,,,Y,3,0,1,1,A,-,05,21650,,N,F,A,A,A,H,-,B,D,0,,,,,Y,,D,22,0,1,0,0,0,0,0,0,0,"- ","- ",41.55086,-122.22066,SISKIYOU,UNINCORPORATED,-122.22062883,41.550813210000001
90152611,2016,2016-04-07,9145,2016-04-03,2015,014553,,7,2,9,4700,0,2,4,,1,031,"OLD HIGHWAY 99","TIMMONS ROAD",310.00,N,N,A,-,N,,,,,,,,,,Y,3,0,1,1,A,-,08,22107,,N,E,I,A,A,H,-,D,D,0,,,,,Y,,A,01,0,1,0,0,0,0,0,0,0,"- ","- ",,,SISKIYOU,UNINCORPORATED,-122.52496185,41.575550300000003
90156242,2016,2016-04-12,9145,2016-04-04,1200,016340,,1,1,9,4700,0,1,1,,2,072,"INTERSTATE 5 SOUTHBOUND","WALTERS LANE",546.00,N,N,A,-,Y,,,5,,,,,,S,Y,4,0,1,1,C,-,18,,,N,E,I,A,A,H,-,A,D,0,,,,,Y,,-,"- ",0,0,1,0,0,0,0,0,0,"- ","- ",41.686920000000001,-122.6367,SISKIYOU,UNINCORPORATED,-122.6366282,41.686961170000004
90175156,2016,2016-05-09,9145,2016-04-27,1215,016340,,3,1,9,4700,0,1,3,,1,062,"STATE ROUTE 3","LAURA LANE",13200.00,S,N,A,-,Y,,,3,,,,,,,N,4,0,1,1,A,-,08,22107,,N,E,I,A,A,H,-,A,D,0,,,,,Y,,D,22,0,0,1,0,0,0,0,0,0,"- ","- ",41.670000000000002,-122.6972,SISKIYOU,UNINCORPORATED,-122.69724173,41.670036469999999
90175712,2016,2016-05-09,9145,2016-05-02,1302,016340,,1,1,9,4700,0,1,3,,1,020,"STATE ROUTE 3","PEACH ORCHARD ROAD",4752.00,N,N,B,-,Y,,,,,,,,,,Y,3,0,2,2,A,-,08,22107,,N,D,C,A,A,H,-,A,D,0,,,,Y,Y,,G,25,0,1,1,0,0,0,0,0,0,"- ","- ",,,SISKIYOU,UNINCORPORATED,-122.74816262,41.643302570000003
90177458,2016,2016-05-11,9145,2016-05-02,2035,019711,,1,2,9,4700,0,1,3,,1,021,SR-3,"SCOTT RIVER RD",5280.00,S,N,A,-,Y,,,,,,,,,,N,3,0,1,1,C,-,18,,,N,E,H,A,A,H,-,D,D,0,,,,,Y,,-,"- ",0,1,0,0,0,0,0,0,0,"- ","- ",,,SISKIYOU,UNINCORPORATED,-122.85724102,41.589370029999998
90180426,2016,2016-05-16,9145,2016-05-04,1520,016080,,3,2,9,4700,0,2,4,,1,031,"INTERSTATE 5 NORTHBOUND","LOUIE ROAD",7762.00,S,N,B,-,Y,,,5,,,,,,N,Y,3,0,1,1,A,-,08,22107,,N,F,A,A,A,H,-,A,D,0,,,,Y,Y,,G,25,0,1,0,0,0,0,0,0,0,"- ","- ",41.531869999999998,-122.47694,SISKIYOU,UNINCORPORATED,-122.47687435,41.531876189999998
90182359,2016,2016-05-18,9145,2016-05-13,1235,017793,,5,1,9,4700,0,1,3,,1,020,SR-3,"W. MOFFETT CREEK ROAD",12672.00,N,N,A,-,Y,,,,,,,,,,Y,3,0,1,2,A,-,05,21460,A,N,B,C,A,A,H,-,A,D,0,,,Y,,Y,,C,02,0,1,0,0,0,0,0,0,1,"- ","- ",,,SISKIYOU,UNINCORPORATED,-122.84637702000001,41.601308279999998
90185186,2016,2016-05-23,9145,2016-05-20,1010,017793,,5,1,9,4700,0,3,5,,2,005,"AIRPORT ROAD","SHELLEY RD",0.00,,Y,A,-,N,,,,,,,,,,Y,4,0,1,2,A,-,06,21755,,N,B,C,A,A,H,-,A,D,0,,,,,Y,,A,01,0,0,1,0,0,0,0,0,0,"- ","- ",41.461399999999998,-122.2851,SISKIYOU,UNINCORPORATED,-122.48096988,41.770399949999998
90195871,2016,2016-06-07,9145,2016-06-05,1739,017835,,7,2,9,4700,0,2,4,,1,034,"BIG SPRINGS RD","SELDOM SEEN RANCH RD",1056.00,S,N,A,-,N,,,,,,,,,,Y,4,0,1,1,A,-,08,22107,,N,E,I,A,A,H,-,A,D,0,,,,,Y,,A,01,0,0,1,0,0,0,0,0,0,"- ","- ",41.549039999999998,-122.37742,SISKIYOU,UNINCORPORATED,-122.37822772,41.549418930000002
90205558,2016,2016-06-20,9146,2016-06-16,1710,019430,,4,2,9,4700,0,1,3,,1,021,SR-89,"PILGRIM CREEK RD.",5280.00,N,N,A,-,Y,,,89,,,,,,,Y,3,0,3,1,A,-,08,22107,,N,E,I,A,A,H,-,A,D,0,,,,,Y,,A,01,0,1,2,0,0,0,0,0,0,"- ","- ",41.252929999999999,-122.09611,SISKIYOU,UNINCORPORATED,-122.09610979,41.252926250000002
90211507,2016,2016-06-28,9145,2016-06-19,0338,013713,,7,3,9,4700,0,1,3,,1,011,SR-96,"GORDONS FERRY RD",2640.00,E,N,B,-,Y,,,96,,,,,,,Y,3,0,1,1,A,-,01,23152,A,N,E,I,A,A,H,-,D,D,0,,,,,Y,Y,A,01,0,1,0,0,0,0,0,0,0,"- ","- ",41.792740000000002,-123.33719000000001,SISKIYOU,UNINCORPORATED,-123.33718012999999,41.792795230000003
90212971,2016,2016-06-30,9145,2016-06-24,2020,018398,,5,2,9,4700,0,3,5,,2,005,"OBERLIN ROAD","DELPHIC RD",2640.00,W,N,A,-,N,,,,,,,,,,Y,4,0,1,2,A,-,03,22350,,N,C,C,A,A,H,-,A,D,0,,,,,Y,,A,01,0,0,1,0,0,0,0,0,0,"- ","- ",41.708770000000001,-122.57259000000001,SISKIYOU,UNINCORPORATED,-122.57284846,41.708887019999999
90215788,2016,2016-07-05,9145,2016-07-03,1743,016080,,7,2,9,4700,0,1,1,,2,072,"INTERSTATE 5 SOUTHBOUND","COUNTY HIGHWAY A-12",1350.00,N,N,A,-,Y,,,,,,,,,,Y,3,0,2,1,A,-,08,22107,,N,E,I,A,A,H,-,A,D,0,,,,,Y,,A,07,0,2,0,0,0,0,0,0,0,"- ","- ",,,SISKIYOU,UNINCORPORATED,,
90216437,2016,2016-07-05,9146,2016-06-08,1230,015968,,3,1,2,4706,0,1,1,,2,011,"I-5 S/B","REAM O/C",528.00,N,N,A,-,Y,,,5,,,,,,S,N,4,0,1,2,A,-,07,21658,A,N,B,C,A,A,H,-,A,D,0,,,,,Y,,A,07,0,0,1,0,0,0,0,0,0,"- ","- ",41.302729999999997,-122.31632,SISKIYOU,"MOUNT SHASTA",-122.31628761,41.302747510000003
90219775,2016,2016-07-11,9146,2016-06-29,2120,019167,,3,2,9,4700,0,2,4,,1,015,"N. OLD STAGE RD.","PINE GROVE DR.",0.00,,N,A,-,N,,,,,,,,,,Y,4,0,1,1,A,-,08,22107,,N,E,I,A,A,H,-,D,D,0,,,,,Y,,D,22,0,0,1,0,0,0,0,0,0,"- ","- ",41.334409999999998,-122.35001,SISKIYOU,UNINCORPORATED,-122.34984991,41.334269970000001
90223502,2016,2016-07-15,9145,2016-07-08,1315,017540,,5,1,9,4700,0,1,1,,2,070,"INTERSTATE 5 SOUTHBOUND","SHASTA RIVER",13728.00,N,N,B,-,Y,,,5,,,,,,S,Y,3,0,1,2,A,-,03,22350,,N,C,C,A,B,H,-,A,D,0,,,,Y,Y,,A,01,0,1,0,0,0,0,0,0,0,"- ","- ",41.800600000000003,-122.58229,SISKIYOU,UNINCORPORATED,-122.58222291,41.800604159999999
90227322,2016,2016-07-21,9145,2016-07-12,1015,016857,,2,1,9,4700,0,2,4,,1,032,"SR-99 S/B","GAZELLE CALLAHAN RD",8448.00,S,N,A,-,Y,,,,,,,,,,Y,3,0,2,1,A,-,08,22107,,N,E,I,A,A,H,-,A,D,0,,,,,Y,,A,01,0,2,0,0,0,0,0,0,0,"- ","- ",41.495910000000002,-122.51168,SISKIYOU,UNINCORPORATED,,
90227990,2016,2016-07-22,9146,2016-07-15,2122,017488,,5,2,9,4700,0,3,5,,2,001,"CASTLE LAKE RD.","NEY SPRINGS RD.",3168.00,S,N,A,-,N,,,,,,,,,,Y,2,0,3,1,A,-,03,22350,,N,E,I,A,A,H,-,D,D,0,,,,,Y,,A,01,2,1,0,0,0,0,0,0,0,"- ","- ",41.162050000000001,-122.19884,SISKIYOU,UNINCORPORATED,-122.3320301,41.269401909999999
90228150,2016,2016-07-22,9145,2016-07-13,1000,014907,,3,1,9,4700,0,3,5,,2,003,"EDGEWOOD ROAD S/B","JERRY'S ROAD",5808.00,N,N,A,-,N,,,,,,,,,,N,3,0,1,1,C,-,18,,,N,H,H,A,A,H,-,A,D,0,,Y,,,Y,,-,"- ",0,1,0,0,0,0,1,0,0,"- ","- ",,,SISKIYOU,UNINCORPORATED,,
90230957,2016,2016-07-26,9145,2016-07-13,0536,014553,,3,3,9,4700,0,1,1,,2,070,"I-5 SOUTHBOUND","SHASTA RIVER BRIDGE",5808.00,S,N,A,-,Y,,,,,,,,,,Y,3,0,1,1,A,-,08,22107,,N,F,A,A,A,H,-,B,D,0,,,,,Y,,A,01,0,1,0,0,0,0,0,0,0,"- ","- ",,,SISKIYOU,UNINCORPORATED,,
90231916,2016,2016-07-27,9146,2016-06-29,0505,013820,,3,3,9,4700,0,1,3,,1,022,SR-89,"EDSON CREEK ROAD",1584.00,N,N,A,-,Y,,,89,,,,,,,N,1,1,0,2,A,-,11,21956,A,N,G,B,E,A,H,-,D,D,0,Y,,,Y,Y,,N,60,0,0,0,1,0,0,0,0,0,"- ","- ",41.265070000000001,-121.93343,SISKIYOU,UNINCORPORATED,-121.93342466999999,41.265025000000001
90233708,2016,2016-07-29,9145,2016-07-29,0654,014907,,5,1,9,4700,0,1,1,,2,072,"I-5 NORTHBOUND","GRENADA IRRIGATION DISTRICT",7392.00,S,N,A,-,Y,,,,,,,,,,Y,3,0,2,1,A,-,08,22107,,N,F,A,A,A,H,-,A,D,0,,,,,Y,,D,22,0,1,1,0,0,0,0,0,0,"- ","- ",,,SISKIYOU,UNINCORPORATED,,