CASE_ID,ACCIDENT_YEAR,PROC_DATE,JURIS,COLLISION_DATE,COLLISION_TIME,OFFICER_ID,REPORTING_DISTRICT,DAY_OF_WEEK,CHP_SHIFT,POPULATION,CNTY_CITY_LOC,SPECIAL_COND,BEAT_TYPE,CHP_BEAT_TYPE,CITY_DIVISION_LAPD,CHP_BEAT_CLASS,BEAT_NUMBER,PRIMARY_RD,SECONDARY_RD,DISTANCE,DIRECTION,INTERSECTION,WEATHER_1,WEATHER_2,STATE_HWY_IND,CALTRANS_COUNTY,CALTRANS_DISTRICT,STATE_ROUTE,ROUTE_SUFFIX,POSTMILE_PREFIX,POSTMILE,LOCATION_TYPE,RAMP_INTERSECTION,SIDE_OF_HWY,TOW_AWAY,COLLISION_SEVERITY,NUMBER_KILLED,NUMBER_INJURED,PARTY_COUNT,PRIMARY_COLL_FACTOR,PCF_CODE_OF_VIOL,PCF_VIOL_CATEGORY,PCF_VIOLATION,PCF_VIOL_SUBSECTION,HIT_AND_RUN,TYPE_OF_COLLISION,MVIW,PED_ACTION,ROAD_SURFACE,ROAD_COND_1,ROAD_COND_2,LIGHTING,CONTROL_DEVICE,CHP_ROAD_TYPE,PEDESTRIAN_ACCIDENT,BICYCLE_ACCIDENT,MOTORCYCLE_ACCIDENT,TRUCK_ACCIDENT,NOT_PRIVATE_PROPERTY,ALCOHOL_INVOLVED,STWD_VEHTYPE_AT_FAULT,CHP_VEHTYPE_AT_FAULT,COUNT_SEVERE_INJ,COUNT_VISIBLE_INJ,COUNT_COMPLAINT_PAIN,COUNT_PED_KILLED,COUNT_PED_INJURED,COUNT_BICYCLIST_KILLED,COUNT_BICYCLIST_INJURED,COUNT_MC_KILLED,COUNT_MC_INJURED,PRIMARY_RAMP,SECONDARY_RAMP,LATITUDE,LONGITUDE,COUNTY,CITY,POINT_X,POINT_Y
91330445,2020,2020-11-12,9145,2020-10-14,2109,016340,,3,2,9,4700,0,1,1,,2,072,"INTERSTATE 5 SOUTHBOUND","COUNTY ROAD A-12",2640.00,S,N,A,-,Y,,,5,,,,,,S,Y,3,0,1,1,A,-,01,23152,A,M,F,A,A,A,H,-,D,D,0,,,,Y,Y,Y,G,25,0,1,0,0,0,0,0,0,0,"- ","- ",41.637660980224609,-122.52922058105469,SISKIYOU,UNINCORPORATED,-122.52930450439453,41.637599945068359
91332481,2020,2020-10-27,9146,2020-10-20,1515,018675,,2,2,9,4700,0,3,5,,2,001,"CASTLE LAKE RD","NEY SPRINGS RD.",27984.00,E,N,A,-,N,,,,,,,,,,Y,3,0,1,1,A,-,03,22350,,N,E,I,A,A,H,-,D,D,0,,,,,Y,,A,07,0,1,0,0,0,0,0,0,0,"- ","- ",41.246101379394531,-122.39237976074219,SISKIYOU,UNINCORPORATED,-122.32987213134766,41.277000427246094
91333990,2020,2020-10-29,9145,2020-10-26,1425,018726,,1,2,2,4709,0,1,1,,2,071,"I-5 S/B TO MOONLIT OAKS AVE","MOONLIT OAKS AVE",780.00,N,N,A,-,Y,,,5,,,,R,,S,Y,4,0,1,1,A,-,08,22107,,N,E,I,A,A,H,-,A,D,0,,,,,Y,,A,01,0,0,1,0,0,0,0,0,0,"- ","- ",41.706058502197266,-122.64330291748047,SISKIYOU,YREKA,-122.64330291748047,41.706058502197266
91337687,2020,2020-11-03,9145,2020-10-24,1245,020700,,6,1,9,4700,0,3,5,,2,006,"YREKA WALKER RD","KLAMATH RIVER RD",5280.00,S,N,A,-,N,,,,,,,,,,Y,2,0,1,1,A,-,01,23152,A,N,F,A,A,A,H,-,A,D,0,,,,,Y,Y,D,22,1,0,0,0,0,0,0,0,0,"- ","- ",41.832111358642578,-122.83151245117188,SISKIYOU,UNINCORPORATED,-122.82649993896484,41.828205108642578
91338992,2020,2020-11-04,9145,2020-10-25,1733,018055,,7,2,9,4700,0,1,1,,2,070,"I-5 S/B",SR-96,22704.00,S,N,A,-,Y,,,5,,,,,,S,Y,3,0,1,3,A,-,03,22350,,N,C,C,A,A,H,-,A,D,0,,,,Y,Y,,A,08,0,1,0,0,0,0,0,0,0,"- ","- ",41.804561614990234,-122.58006286621094,SISKIYOU,UNINCORPORATED,-122.58030700683594,41.804874420166016
91341051,2020,2020-11-06,9145,2020-11-01,2020,020819,,7,2,9,4700,0,3,5,,2,002,"EASTSIDE RD","ELLER LN",1050.00,S,N,A,-,N,,,,,,,,,,Y,2,0,1,1,A,-,01,23152,A,N,E,I,A,A,H,-,D,D,0,,,,,Y,Y,D,22,1,0,0,0,0,0,0,0,0,"- ","- ",41.516719818115234,-122.83953857421875,SISKIYOU,UNINCORPORATED,,
91341091,2020,2020-11-06,9145,2020-11-03,0819,016857,,2,1,9,4700,0,1,1,,2,072,"I-5 N/B","WALTERS LN",1637.00,S,N,A,-,Y,,,5,,,,,,N,Y,2,0,1,1,A,-,08,22107,,N,F,A,A,A,H,-,A,D,0,,,,,Y,Y,A,07,1,0,0,0,0,0,0,0,0,"- ","- ",41.683219909667969,-122.63326263427734,SISKIYOU,UNINCORPORATED,-122.63312530517578,41.683368682861328
91341680,2020,2020-11-09,9145,2020-10-31,1600,013713,,6,2,9,4700,0,1,3,,1,013,SR-96,"PERSIDO RIVER ACCESS RD",370.00,E,N,A,-,Y,,,96,,,,,,,Y,4,0,1,1,A,-,03,22350,,N,E,I,A,A,B,-,A,D,0,,,,,Y,,A,01,0,0,1,0,0,0,0,0,0,"- ","- ",41.546989440917969,-123.52732849121094,SISKIYOU,UNINCORPORATED,-123.52725982666016,41.546779632568359
91343254,2020,2020-12-07,9145,2020-11-05,2017,018151,,4,2,9,4700,0,1,1,,2,073,"I-5 S/B","EDGEWOOD ROAD",4224.00,N,N,A,-,Y,,,5,,,,,,S,Y,2,0,2,1,A,-,08,22107,,N,E,I,A,A,H,-,C,D,0,,,,,Y,,D,22,1,0,1,0,0,0,0,0,0,"- ","- ",41.451778411865234,-122.44284820556641,SISKIYOU,UNINCORPORATED,-122.44287872314453,41.451759338378906
91346437,2020,2020-11-16,9145,2020-11-15,0812,017793,,7,1,9,4700,0,1,1,,2,070,"I-5 N/B","HENLEY HORNBROOK RD",7392.00,S,N,C,-,Y,,,5,,,,,,N,Y,4,0,1,1,A,-,03,22350,,N,F,A,A,B,H,-,A,D,0,,,,,Y,,A,07,0,0,1,0,0,0,0,0,0,"- ","- ",41.881069183349609,-122.5560302734375,SISKIYOU,UNINCORPORATED,-122.55593109130859,41.881069183349609
91355105,2020,2020-11-30,9145,2020-11-25,0815,014553,,3,1,9,4700,0,3,5,,2,002,"CECILVILLE RD","SOUTH FORK RD.",78.00,W,N,A,-,N,,,,,,,,,,Y,3,0,2,1,A,-,03,22350,,N,E,I,A,C,H,-,A,D,0,,,,,Y,,D,22,0,2,0,0,0,0,0,0,0,"- ","- ",41.295909881591797,-122.80989837646484,SISKIYOU,UNINCORPORATED,-122.80980682373047,41.295948028564453
91355762,2020,2020-11-30,9146,2020-11-22,2110,017955,,7,2,9,4700,0,2,4,,1,015,"N.  OLD STAGE RD","WOODLAND PARK",600.00,S,N,A,-,N,,,,,,,,,,Y,2,0,1,1,A,-,01,23152,F,N,E,J,A,A,H,-,D,D,0,,,,,Y,,A,01,1,0,0,0,0,0,0,0,0,"- ","- ",41.321098327636719,-122.34480285644531,SISKIYOU,UNINCORPORATED,-122.34475708007812,41.321254730224609
91360515,2020,2020-12-07,9146,2020-11-25,0715,015873,,3,1,9,4700,0,1,3,,1,022,SR-89,"BARTLE GAP",6336.00,W,N,A,-,Y,,,89,,,,,,,Y,4,0,2,1,A,-,03,22350,,N,E,I,A,C,H,-,A,D,0,,,,,Y,,D,22,0,0,2,0,0,0,0,0,0,"- ","- ",41.267810821533203,-121.90979766845703,SISKIYOU,UNINCORPORATED,-121.90981292724609,41.267566680908203
91363705,2020,2020-12-10,9145,2020-12-05,2500,021333,,6,4,9,4700,0,1,3,,1,061,"STATE ROUTE 96","STATE ROUTE 263",0.00,,N,A,-,Y,,,96,,,,,,,N,2,0,1,1,A,-,03,22350,,F,H,A,A,A,H,-,D,D,0,,,,,Y,,-,99,1,0,0,0,0,0,0,0,0,"- ","- ",41.832298278808594,-122.59150695800781,SISKIYOU,UNINCORPORATED,-122.59150695800781,41.832267761230469
91368821,2020,2020-12-16,9145,2020-12-16,0810,016580,,3,1,9,4700,0,2,4,,1,034,"BIG SPRINGS RD","ORDWAY RD",423.00,S,N,B,-,N,,,,,,,,,,Y,4,0,1,1,A,-,03,22350,,N,F,A,A,C,H,-,A,D,0,,,,,Y,,D,22,0,0,1,0,0,0,0,0,0,"- ","- ",41.480251312255859,-122.36205291748047,SISKIYOU,UNINCORPORATED,-122.36190032958984,41.480228424072266
91377832,2020,2020-12-30,9145,2020-12-19,1210,018604,,6,1,9,4700,0,3,5,,2,005,"HUMBUG RD","GEORGIA WAY",2112.00,N,N,A,-,N,,,,,,,,,,Y,4,0,1,1,A,-,08,22107,,N,E,I,A,A,H,-,A,D,0,,,,,Y,,A,07,0,0,1,0,0,0,0,0,0,"- ","- ",41.745628356933594,-122.65876770019531,SISKIYOU,UNINCORPORATED,-122.65617370605469,41.741199493408203
91379685,2020,2021-01-04,9145,2020-12-26,1137,018124,,6,1,9,4700,0,1,2,,1,042,US-97,"FOREST ROAD 45N58X",3696.00,S,N,B,-,Y,,,97,,,,,,,Y,2,0,1,1,A,-,08,22107,,N,E,I,A,B,H,-,A,D,0,,,,,Y,,D,22,1,0,0,0,0,0,0,0,0,"- ","- ",41.723239898681641,-122.05545806884766,SISKIYOU,UNINCORPORATED,-122.05548095703125,41.723224639892578
91381290,2020,2021-01-05,9145,2020-12-28,1719,018055,,1,2,9,4700,0,1,3,,1,050,SR-3,"COLLIER LN",360.00,E,N,A,-,Y,,,3,,,,,,,Y,4,0,1,1,A,-,01,23152,G,N,E,I,A,A,H,-,A,D,0,,,,,Y,Y,A,01,0,0,1,0,0,0,0,0,0,"- ","- ",41.73052978515625,-122.5772705078125,SISKIYOU,UNINCORPORATED,-122.57726287841797,41.730556488037109
91383536,2021,2021-01-07,9146,2021-01-04,2034,017955,,1,2,9,4700,0,1,1,,2,010,"I-5 (NB)","TRUCK VILLAGE DR.",256.00,N,N,A,-,Y,,,5,,,,,,,N,4,0,1,2,A,-,03,22350,,N,C,E,A,C,H,-,C,D,0,,,,,Y,,A,01,0,0,1,0,0,0,0,0,0,"- ","- ",41.369098663330078,-122.37079620361328,SISKIYOU,UNINCORPORATED,-122.370849609375,41.369056701660156
91385164,2021,2021-01-11,9146,2021-01-01,1708,020647,,5,2,9,4700,0,1,1,,2,012,"I-5 NORTHBOUND","SISKIYOU AVENUE",3696.00,N,N,C,-,Y,,,5,,,,,,N,Y,3,0,1,1,A,-,03,22350,,N,E,I,A,B,H,-,D,D,0,,,,,Y,,D,22,0,1,0,0,0,0,0,0,0,"- ","- ",41.241909027099609,-122.26113891601562,SISKIYOU,UNINCORPORATED,-122.26084899902344,41.241664886474609
91387683,2021,2021-01-14,9146,2021-01-06,1430,017955,,3,2,9,4700,0,1,3,,1,022,SR-89,"SHEEP HAVEN RD.",4625.00,N,N,D,-,Y,,,89,,,,,,,Y,4,0,1,1,A,-,03,22350,,N,E,I,A,C,H,-,A,D,0,,,,,Y,,A,07,0,0,1,0,0,0,0,0,0,"- ","- ",41.267200469970703,-121.90049743652344,SISKIYOU,UNINCORPORATED,-121.90050506591797,41.267143249511719
91387705,2021,2021-01-14,9146,2021-01-08,1120,020593,,5,1,9,4700,0,1,3,,1,022,SR-89,"HARRIS SPRINGS ROAD",15312.00,S,N,A,B,Y,,,,,,,,,,Y,3,0,3,2,A,-,03,22350,,N,A,C,A,C,H,-,A,D,0,,,,,Y,,A,07,0,3,0,0,0,0,0,0,0,"- ","- ",,,SISKIYOU,UNINCORPORATED,-121.79356384277344,41.220466613769531
91390479,2021,2021-01-22,9145,2021-01-14,2122,020700,,4,2,9,4700,0,1,1,,2,073,"I-5 NORTHBOUND","LOUIE ROAD",9504.00,S,N,A,-,Y,,,,,,,,,,Y,2,0,3,1,A,-,08,22107,,N,E,I,A,A,H,-,D,D,0,,,,,Y,,A,01,2,1,0,0,0,0,0,0,0,"- ","- ",41.828098297119141,-122.4765625,SISKIYOU,UNINCORPORATED,-122.47663116455078,41.529422760009766
91394360,2021,2021-01-26,9146,2021-01-25,0645,015592,,1,1,9,4700,0,1,1,,2,011,"I-5 N/B","STATE ROUTE 89",40.00,S,N,A,-,Y,,,5,,,,,,N,Y,4,0,2,1,A,-,03,22350,,N,E,I,A,C,H,-,D,D,0,,,,,Y,,D,23,0,0,2,0,0,0,0,0,0,"- ","- ",41.285060882568359,-122.30175018310547,SISKIYOU,UNINCORPORATED,-122.30179595947266,41.284984588623047
91402382,2021,2021-02-04,9146,2021-01-22,0900,015873,,5,1,9,4700,0,3,5,,2,002,"SQUAW VALLEY RD.","MEMEO RD.",528.00,S,N,B,-,N,,,,,,,,,,Y,2,0,1,1,A,-,03,22350,,N,E,I,A,C,H,-,A,D,0,,,,,Y,,A,01,1,0,0,0,0,0,0,0,0,"- ","- ",41.228771209716797,-122.13527679443359,SISKIYOU,UNINCORPORATED,-122.13522338867188,41.228836059570312
91404335,2021,2021-02-08,9145,2021-01-07,0130,021333,,4,3,2,4709,0,1,1,,2,071,"INTERSTATE 5 SOUTHBOUND","MONTAGUE ROAD",200.00,S,N,A,-,Y,,,5,,,,,,S,Y,1,1,1,2,A,-,01,23152,A,N,F,A,A,C,H,-,C,D,0,,,,Y,Y,Y,A,01,1,0,0,0,0,0,0,0,0,"- ","- ",41.738941192626953,-122.62930297851562,SISKIYOU,YREKA,-122.62905883789062,41.738723754882812
91410391,2021,2021-02-17,9145,2021-02-14,0845,015241,,7,1,9,4700,0,1,2,,1,043,US-97,"TENNANT RD",1056.00,N,N,D,-,Y,,,97,,,,,,,Y,4,0,1,1,A,-,03,22350,,N,F,A,A,C,H,-,A,D,0,,,,,Y,,D,22,0,0,1,0,0,0,0,0,0,"- ","- ",41.679538726806641,-122.06651306152344,SISKIYOU,UNINCORPORATED,-122.06657409667969,41.679641723632812
91412489,2021,2021-02-22,9145,2021-02-18,1745,018726,,4,2,9,4700,0,1,1,,2,070,"I-5 S/B","BAILEY HILL ROAD",1056.00,N,N,B,C,Y,,,5,,,,,,S,Y,3,0,1,1,C,-,18,,,N,E,I,A,B,H,-,D,D,0,,,,,Y,,-,"- ",0,1,0,0,0,0,0,0,0,"- ","- ",41.95928955078125,-122.59574127197266,SISKIYOU,UNINCORPORATED,-122.59568023681641,41.959331512451172
91414408,2021,2021-03-01,9145,2021-01-28,1750,018254,,4,2,9,4700,0,3,5,,2,004,"MATHEWS ROAD","BIG STUMP ROAD",19.50,N,N,A,-,N,,,,,,,,,,N,2,0,1,3,D,-,00,,,N,G,B,A,B,H,-,D,D,0,,,,,Y,,-,"- ",1,0,0,0,0,0,0,0,0,"- ","- ",41.9888916015625,-121.95747375488281,SISKIYOU,UNINCORPORATED,-121.95748901367188,41.989475250244141
91418682,2021,2021-03-02,9145,2021-02-21,1540,018619,,7,2,9,4700,0,3,5,,2,002,"SAWYERS BAR RD","ESTHER WARREN RD",16368.00,S,N,A,-,N,,,,,,,,,,Y,3,0,1,1,A,-,01,23152,A,N,E,I,A,A,B,-,A,D,0,,,,,Y,Y,A,01,0,1,0,0,0,0,0,0,0,"- ","- ",41.428981781005859,-122.9482421875,SISKIYOU,UNINCORPORATED,-122.9359130859375,41.429336547851562
91420561,2021,2021-03-04,9145,2021-01-23,2300,019614,,6,3,9,4700,0,1,3,,1,011,"SR-96 W/B","FORT GOFF CREEK",4752.00,W,N,A,-,Y,,,96,,,,,,W,Y,1,1,0,1,A,-,08,22107,,N,E,I,A,A,H,-,D,D,0,,,,,Y,Y,D,22,0,0,0,0,0,0,0,0,0,"- ","- ",41.864528656005859,-123.26734161376953,SISKIYOU,UNINCORPORATED,-123.26737213134766,41.864547729492188
91422282,2021,2021-03-08,9146,2021-02-28,0650,014814,,7,1,9,4700,0,1,1,,2,010,"I-5 N/B","DEETZ RD UC",3168.00,S,N,A,-,Y,,,5,,,,,,N,Y,2,0,1,2,A,-,07,21658,A,N,B,C,A,A,H,-,A,D,0,,,,,Y,,D,22,1,0,0,0,0,0,0,0,0,"- ","- ",41.360389709472656,-122.36206817626953,SISKIYOU,UNINCORPORATED,-122.36199188232422,41.3604736328125
91426195,2021,2021-03-12,9146,2021-03-11,2053,020647,,4,2,9,4700,0,1,1,,2,010,"I-5 N/B","NORTH MOUNT SHASTA O/C",1848.00,N,N,A,-,Y,,,5,,,,,,N,Y,3,0,1,1,A,-,08,22107,,N,E,I,A,A,H,-,D,D,0,,,,,Y,,D,22,0,1,0,0,0,0,0,0,0,"- ","- ",41.335128784179688,-122.33484649658203,SISKIYOU,UNINCORPORATED,-122.33493041992188,41.335044860839844
91432415,2021,2021-03-22,9145,2021-02-15,2500,018619,,1,4,9,4700,0,1,3,,1,060,"SR-263 S/B","PIONEER BRIDGE",376.00,S,N,F,-,Y,,,263,,,,,,S,N,1,2,0,1,A,-,08,22107,,N,F,A,A,C,H,-,D,D,0,,,,,Y,,A,07,0,0,0,0,0,0,0,0,0,"- ","- ",41.807891845703125,-122.59689331054688,SISKIYOU,UNINCORPORATED,-122.59687042236328,41.807865142822266
91444385,2021,2021-04-06,9145,2021-03-26,1145,018124,,5,1,9,4700,0,1,2,,1,042,US-97,"BALL MOUNTAIN LITTLE SHASTA RD",0.00,,Y,A,-,Y,,,97,,,,,,,Y,3,0,2,2,A,-,05,21752,D,N,C,C,A,A,H,-,A,D,0,,,,,Y,,D,22,0,2,0,0,0,0,0,0,0,"- ","- ",41.778858184814453,-122.04753875732422,SISKIYOU,UNINCORPORATED,-122.04747772216797,41.77880859375
91445238,2021,2021-04-07,9145,2021-04-05,1220,016580,,1,1,9,4700,0,1,3,,1,060,"SR-263 N/B","LOAFER HILL RD",4224.00,S,N,A,-,Y,,,263,,,,,,N,Y,2,0,1,2,A,-,09,21801,A,N,D,C,A,A,H,-,A,D,0,,,,,Y,,A,01,1,0,0,0,0,0,0,0,0,"- ","- ",41.746040344238281,-122.63150024414062,SISKIYOU,UNINCORPORATED,-122.63149261474609,41.746040344238281
91445246,2021,2021-04-07,9145,2021-01-19,1440,015241,,2,2,9,4700,0,1,2,,1,043,US-97,"COUNTY ROAD A-12",5280.00,N,N,A,-,Y,,,97,,,,,,,Y,1,1,0,1,A,-,01,23152,A,N,F,A,A,A,H,-,A,D,0,,,,,Y,Y,D,22,0,0,0,0,0,0,0,0,0,"- ","- ",41.544620513916016,-122.22743988037109,SISKIYOU,UNINCORPORATED,-122.22745513916016,41.544631958007812
91450210,2021,2021-04-14,9145,2021-04-03,0300,021168,,6,3,9,4700,0,1,3,,1,011,SR-96,"CADE CREEK",2640.00,W,N,A,-,Y,,,,,,,,,,Y,2,0,1,1,A,-,08,22107,,N,E,I,A,A,H,-,D,D,0,,,,,Y,,A,07,1,0,0,0,0,0,0,0,0,"- ","- ",41.904239654541016,-123.33229064941406,SISKIYOU,UNINCORPORATED,,
91452012,2021,2021-06-02,9146,2021-04-12,1519,018675,,1,2,9,4700,0,1,3,,1,022,"SR-89 S/B","FOWLERS PUBLIC CAMP RD.",642.00,N,N,A,-,Y,,,89,,,,,,S,Y,1,1,0,1,C,-,18,,,N,H,H,A,A,H,-,A,D,0,,,,,Y,,-,"- ",0,0,0,0,0,0,0,0,0,"- ","- ",41.256618499755859,-122.03250122070312,SISKIYOU,UNINCORPORATED,-122.03250122070312,41.256626129150391
91463977,2021,2021-05-27,9145,2021-04-23,2250,018254,,5,3,9,4700,0,3,5,,2,005,"PICARD ROAD","MATHEWS ROAD",0.00,,Y,C,-,N,,,,,,,,,,Y,2,0,1,1,A,-,03,22350,,N,E,I,A,B,H,-,D,A,0,,,,,Y,,A,07,1,0,0,0,0,0,0,0,0,"- ","- ",41.966560363769531,-121.95751190185547,SISKIYOU,UNINCORPORATED,-121.95754241943359,41.966560363769531
91469029,2021,2021-05-27,9145,2021-05-05,2015,014553,,3,2,9,4700,0,1,2,,1,041,"US HWY 97","SHADY DELL RD.",3168.00,S,N,A,-,Y,,,97,,,,,,,Y,2,0,1,1,A,-,01,23152,F,N,F,A,A,A,H,-,B,D,0,,,,,Y,Y,A,07,1,0,0,0,0,0,0,0,0,"- ","- ",41.858341217041016,-121.98786926269531,SISKIYOU,UNINCORPORATED,-121.98812103271484,41.858505249023438
91474629,2021,2021-05-27,9146,2021-05-09,1700,020593,,7,2,9,4700,0,3,5,,2,002,"FOREST SERVICE ROAD 31","WINDING WAY",2640.00,W,N,A,-,N,,,,,,,,,,N,3,0,1,1,B,-,22,,,N,E,J,A,A,G,-,A,D,0,,,Y,,Y,,C,06,0,1,0,0,0,0,0,0,1,"- ","- ",41.335411071777344,-122.11112213134766,SISKIYOU,UNINCORPORATED,-122.11210632324219,41.334789276123047
91485571,2021,2021-05-31,9146,2021-05-21,1048,018347,,5,1,9,4700,0,1,3,,1,021,SR-89,"SQUAW VALLEY ROAD",0.00,,Y,A,-,Y,,,89,,,,,,,Y,3,0,2,2,A,-,09,21802,A,N,D,C,A,A,H,-,A,A,0,,,,Y,Y,,A,07,0,1,1,0,0,0,0,0,0,"- ","- ",41.25115966796875,-122.1363525390625,SISKIYOU,UNINCORPORATED,-122.13634490966797,41.251197814941406
91488702,2021,2021-06-03,9145,2021-05-16,2300,020819,,7,3,9,4700,0,3,5,,2,005,"AGER BESWICK RD","LITTLE BOGUS CREEK RD",8976.00,E,N,A,-,N,,,,,,,,,,Y,1,1,1,1,A,-,01,23153,A,N,E,I,A,A,H,-,D,D,0,,,,,Y,Y,A,07,1,0,0,0,0,0,0,0,0,"- ","- ",41.906330108642578,-122.38014221191406,SISKIYOU,UNINCORPORATED,-122.38266754150391,41.903709411621094
91490566,2021,2021-06-07,9145,2021-06-01,1117,017793,,2,1,9,4700,0,1,1,,2,070,"NORTHBOUND I-5 NORTH OF KLAMATH RIVER","COPCO ROAD",8448.00,S,N,A,-,Y,,,5,,,,R,,,Y,3,0,2,1,A,-,08,22107,,N,E,I,A,A,H,-,A,D,0,,,,,Y,,A,07,0,2,0,0,0,0,0,0,0,"- ","- ",41.882270812988281,-122.55853271484375,SISKIYOU,UNINCORPORATED,-122.55853271484375,41.882270812988281
91499359,2021,2021-06-17,9146,2021-06-12,0250,019167,,6,3,1,4702,0,1,1,,2,012,"I-5 SB","SISKIYOU AVE. O/C",400.00,S,N,A,-,Y,,,5,,,,,,S,Y,3,0,1,1,A,-,01,23152,A,M,E,I,A,A,H,-,C,A,0,,,,,Y,Y,A,01,0,1,0,0,0,0,0,0,0,"- ","- ",41.222541809082031,-122.27606201171875,SISKIYOU,DUNSMUIR,-122.27558135986328,41.222602844238281
91501887,2021,2021-06-21,9146,2021-06-16,1750,020514,,3,2,9,4700,0,3,5,,2,001,"WA BARR","NORTHSHORE ROAD",0.00,,Y,A,-,N,,,,,,,,,,Y,4,0,1,2,A,-,09,21802,A,N,D,C,A,A,H,-,A,D,0,,,,,Y,,A,01,0,0,1,0,0,0,0,0,0,"- ","- ",41.294139862060547,-122.32244110107422,SISKIYOU,UNINCORPORATED,-122.32244110107422,41.294124603271484
91504491,2021,2021-06-23,9146,2021-06-22,0100,018347,,2,3,9,4700,0,1,3,,1,021,"SR-89 N/B","EAST MINNESOTA AVENUE",200.00,S,N,A,-,Y,,,89,,,,,,N,N,4,0,1,1,C,-,18,,,N,H,H,A,A,H,-,D,D,0,,,,,Y,,-,"- ",0,0,1,0,0,0,0,0,0,"- ","- ",41.251079559326172,-122.12806701660156,SISKIYOU,UNINCORPORATED,-122.12807464599609,41.2510986328125
91504570,2021,2021-06-23,9146,2021-06-22,1205,018347,,2,1,1,4702,0,1,1,,2,012,"I-5 S/B","SISKIYOU AVENUE O/C",2112.00,N,N,A,-,Y,,,5,,,,,,S,Y,3,0,1,3,A,-,03,22350,,N,C,C,A,A,D,-,A,A,0,,,,Y,Y,,A,08,0,1,0,0,0,0,0,0,0,"- ","- ",41.229518890380859,-122.27552032470703,SISKIYOU,DUNSMUIR,-122.27546691894531,41.229507446289062
91510659,2021,2021-07-01,9145,2021-06-19,1430,018604,,6,2,9,4700,0,3,5,,2,002,"CECILVILLE ROAD","CARIBOU ROAD",3696.00,E,N,A,-,N,,,,,,,,,,N,3,0,1,1,A,-,03,22350,,N,F,A,A,A,H,-,A,D,0,,,Y,,Y,,C,02,0,1,0,0,0,0,0,0,1,"- ","- ",41.149559020996094,-123.11984252929688,SISKIYOU,UNINCORPORATED,-123.09896850585938,41.159091949462891
91510967,2021,2021-07-01,9145,2021-06-25,1020,014553,,5,1,9,4700,0,3,5,,2,005,"YREKA AGER RD.","PHEASANT LN.",6336.00,S,N,A,-,N,,,,,,,,,,Y,3,0,2,1,A,-,08,22107,,N,F,A,A,A,H,-,A,D,0,,,,,Y,,A,01,0,2,0,0,0,0,0,0,0,"- ","- ",41.756080627441406,-122.56655883789062,SISKIYOU,UNINCORPORATED,-122.52464294433594,41.742835998535156
91520464,2021,2021-07-14,9146,2021-07-01,1601,017955,,4,2,9,4700,0,2,4,,1,015,"NORTH OLD STAGE RD","COLLEGE AVE",0.00,,Y,A,-,N,,,,,,,,,,Y,3,0,1,1,A,-,01,23152,A,N,E,J,A,A,H,-,A,A,0,,,,,Y,Y,D,22,0,1,0,0,0,0,0,0,0,"- ","- ",41.399200439453125,-122.42056274414062,SISKIYOU,UNINCORPORATED,-122.42029571533203,41.399494171142578
91520872,2021,2021-07-15,9146,2021-07-09,0449,020647,,5,3,9,4700,0,1,3,,1,021,SR-89,"MICROWAVE ROAD",2112.00,N,N,A,-,Y,,,89,,,,,,,Y,3,0,1,1,C,-,18,,,N,H,H,A,A,H,-,D,D,0,,,,,Y,,-,"- ",0,1,0,0,0,0,0,0,0,"- ","- ",41.272480010986328,-122.2493896484375,SISKIYOU,UNINCORPORATED,-122.2493896484375,41.272495269775391
91521928,2021,2021-07-16,9145,2021-07-07,2130,018817,,3,2,9,4700,0,3,5,,2,003,"EASY STREET","OAK VIEW CT",30.00,S,N,A,-,N,,,,,,,,,,N,3,0,1,1,C,-,18,,,N,H,H,A,A,H,-,D,D,0,,,Y,,Y,Y,-,"- ",0,1,0,0,0,0,0,0,1,"- ","- ",41.683219909667969,-122.63606262207031,SISKIYOU,UNINCORPORATED,-122.63613891601562,41.683246612548828
91523408,2021,2021-07-19,9145,2021-07-08,1710,021168,,4,2,9,4700,0,1,3,,1,012,SR-96,"DOOLITTLE CREEK",528.00,E,N,A,-,Y,,,96,,,,,,,Y,3,0,4,1,A,-,08,22107,,N,E,I,A,A,D,-,A,D,0,,,,,Y,,D,22,0,2,2,0,0,0,0,0,0,"- ","- ",41.737449645996094,-123.41368103027344,SISKIYOU,UNINCORPORATED,-123.41370391845703,41.737518310546875