CASE_ID,ACCIDENT_YEAR,PROC_DATE,JURIS,COLLISION_DATE,COLLISION_TIME,OFFICER_ID,REPORTING_DISTRICT,DAY_OF_WEEK,CHP_SHIFT,POPULATION,CNTY_CITY_LOC,SPECIAL_COND,BEAT_TYPE,CHP_BEAT_TYPE,CITY_DIVISION_LAPD,CHP_BEAT_CLASS,BEAT_NUMBER,PRIMARY_RD,SECONDARY_RD,DISTANCE,DIRECTION,INTERSECTION,WEATHER_1,WEATHER_2,STATE_HWY_IND,CALTRANS_COUNTY,CALTRANS_DISTRICT,STATE_ROUTE,ROUTE_SUFFIX,POSTMILE_PREFIX,POSTMILE,LOCATION_TYPE,RAMP_INTERSECTION,SIDE_OF_HWY,TOW_AWAY,COLLISION_SEVERITY,NUMBER_KILLED,NUMBER_INJURED,PARTY_COUNT,PRIMARY_COLL_FACTOR,PCF_CODE_OF_VIOL,PCF_VIOL_CATEGORY,PCF_VIOLATION,PCF_VIOL_SUBSECTION,HIT_AND_RUN,TYPE_OF_COLLISION,MVIW,PED_ACTION,ROAD_SURFACE,ROAD_COND_1,ROAD_COND_2,LIGHTING,CONTROL_DEVICE,CHP_ROAD_TYPE,PEDESTRIAN_ACCIDENT,BICYCLE_ACCIDENT,MOTORCYCLE_ACCIDENT,TRUCK_ACCIDENT,NOT_PRIVATE_PROPERTY,ALCOHOL_INVOLVED,STWD_VEHTYPE_AT_FAULT,CHP_VEHTYPE_AT_FAULT,COUNT_SEVERE_INJ,COUNT_VISIBLE_INJ,COUNT_COMPLAINT_PAIN,COUNT_PED_KILLED,COUNT_PED_INJURED,COUNT_BICYCLIST_KILLED,COUNT_BICYCLIST_INJURED,COUNT_MC_KILLED,COUNT_MC_INJURED,PRIMARY_RAMP,SECONDARY_RAMP,LATITUDE,LONGITUDE,COUNTY,CITY,POINT_X,POINT_Y
92024113,2023,2023-03-21,9145,2023-03-14,1609,018675,,2,2,9,4700,0,1,1,,2,072,"I-5 S/B","EASY ST.",5280.00,S,N,B,C,Y,SIS,,5," ",R,41.357,H,,L,Y,3,0,1,1,A,-,08,22107,,N,E,I,A,B,H,-,A,D,0,,,,,Y,,A,07,0,1,0,0,0,0,0,0,0,"- ","- ",41.660808563232422,-122.59181976318359,SISKIYOU,UNINCORPORATED,-122.59181213378906,41.660888671875
92030583,2022,2023-03-28,9145,2022-10-30,2117,018675,,7,2,9,4700,0,1,1,,2,072,"INTERSTATE 5 SOUTHBOUND","GRENADA IRRIGATION OVER-CROSSING",3168.00,N,N,A,-,Y,,,,,,,,,,Y,1,1,2,2,A,-,01,23152,,N,A,C,A,A,H,-,D,D,0,,,,,Y,Y,A,07,1,1,0,0,0,0,0,0,0,"- ","- ",41.612899780273438,-122.51915740966797,SISKIYOU,UNINCORPORATED,,
92032093,2023,2023-03-29,9145,2023-03-28,"700 ",016857,,2,1,9,4700,0,2,4,,1,034,"BIG SPRINGS ROAD","SHORT CUT ROAD",1584.00,S,N,B,D,N,,,,,,,,,,Y,4,0,1,1,A,-,03,22350,,N,F,A,A,C,H,-,A,D,0,,,,,Y,,D,22,0,0,1,0,0,0,0,0,0,"- ","- ",41.501701354980469,-122.36329650878906,SISKIYOU,UNINCORPORATED,-122.36321258544922,41.500919342041016
92035936,2023,2023-04-03,9145,2023-03-23,"155 ",021333,,4,3,9,4700,0,3,5,,2,003,"MONTAGUE GRENADA RD","FREEMAN LN",256.00,N,N,A,-,N,,,,,,,,,,Y,4,0,1,1,A,-,01,23152,A,M,E,8,A,A,H,-,D,D,0,,,,,Y,Y,A,01,0,0,1,0,0,0,0,0,0,"- ","- ",41.684200286865234,-122.53383636474609,SISKIYOU,UNINCORPORATED,-122.53351593017578,41.683910369873047
92044123,2023,2023-04-13,9145,2023-04-01,1400,018726,,6,2,9,4700,0,1,3,,1,061,SR-96,"DUTCH CREEK ROAD",1056.00,W,N,B,-,Y,SIS,,96," "," ",93.632,H,,R,Y,4,0,1,1,A,-,08,22107,,N,F,A,A,A,H,-,A,D,0,,,,,Y,,A,01,0,0,1,0,0,0,0,0,0,"- ","- ",41.863460540771484,-122.73224639892578,SISKIYOU,UNINCORPORATED,-122.73226928710938,41.863491058349609
92053721,2023,2023-04-26,9146,2023-04-19,"730 ",019711,,3,1,9,4700,0,1,1,,2,010,"I-5 N/B","PIONEER O.H.",350.00,S,N,A,-,Y,SIS,,5," ",R,9.152,H,,R,N,4,0,2,2,A,-,03,22350,,N,C,D,A,A,H,-,A,D,0,,,,Y,Y,,A,01,0,0,2,0,0,0,0,0,0,"- ","- ",41.292388916015625,-122.31025695800781,SISKIYOU,UNINCORPORATED,-122.31022644042969,41.292400360107422
92065835,2023,2024-04-25,9145,2023-04-27,"940 ",018604,,4,1,9,4700,0,1,3,,1,061,SR-96,"DOGGETT CREEK RD",7920.00,W,N,A,-,Y,SIS,,96," "," ",82.217,H,,R,Y,4,0,1,1,A,-,08,22107,,N,F,A,A,A,H,-,A,D,0,,,,,Y,,A,07,0,0,1,0,0,0,0,0,0,"- ","- ",41.844501495361328,-122.89759826660156,SISKIYOU,UNINCORPORATED,-122.89755249023438,41.8446044921875
92066968,2023,2023-05-11,9145,2023-02-15,"517 ",018124,,3,3,9,4700,0,1,2,,1,041,US-97,"15TH STREET",1584.00,S,N,A,-,Y,SIS,,97," "," ",50.085,H,,R,Y,1,1,2,2,A,-,01,23152,A,N,D,C,A,A,H,-,D,D,0,,,,Y,Y,Y,D,22,1,1,0,0,0,0,0,0,0,"- ","- ",41.957218170166016,-121.92159271240234,SISKIYOU,UNINCORPORATED,-121.921630859375,41.957237243652344
92067089,2023,2023-05-11,9145,2023-05-06,1040,018124,,6,1,9,4700,0,1,2,,1,042,US-97,"JEROME ROAD",6336.00,S,N,D,-,Y,SIS,,97," "," ",33.058,H,,R,Y,4,0,1,1,A,-,03,22350,,N,F,A,A,C,H,-,A,D,0,,,,,Y,,A,07,0,0,1,0,0,0,0,0,0,"- ","- ",41.73883056640625,-122.06111145019531,SISKIYOU,UNINCORPORATED,-122.06123352050781,41.738796234130859
92069010,2023,2023-05-15,9145,2023-05-08,1440,021333,,1,2,9,4700,0,1,1,,2,073,"INTERSTATE 5 N/B","CHAPARRAL DR",2640.00,N,N,B,F,Y,SIS,,5," ",R,20.759,H,,R,Y,4,0,2,1,A,-,03,22350,,N,E,I,A,C,H,-,A,D,0,,,,,Y,,D,22,0,0,2,0,0,0,0,0,0,"- ","- ",41.429660797119141,-122.40281677246094,SISKIYOU,UNINCORPORATED,-122.40285491943359,41.429584503173828
92082715,2023,2023-05-31,9145,2023-05-26,"520 ",022542,,5,3,9,4700,0,1,1,,2,070,"I-5 S/B","VISTA POINT",200.00,S,N,A,-,Y,SIS,,5," ",R,51.880,H,,L,Y,3,0,2,1,A,-,08,22107,,N,E,I,A,A,H,-,B,D,0,,,,,Y,,A,01,0,2,0,0,0,0,0,0,0,"- ","- ",41.776458740234375,-122.58270263671875,SISKIYOU,UNINCORPORATED,-122.58266448974609,41.776462554931641
92092907,2023,2023-06-13,9146,2023-06-11,1253,015592,,7,1,9,4700,0,1,1,,2,012,"INTERSTATE 5","SISKIYOU AVENUE",3960.00,N,N,B,-,Y,SIS,,5," "," ",4.891,H,,R,Y,3,0,1,2,A,-,07,21658,A,N,C,E,A,A,D,-,A,D,0,,,,,Y,,D,22,0,1,0,0,0,0,0,0,0,"- ","- ",41.247230529785156,-122.25763702392578,SISKIYOU,UNINCORPORATED,-122.25779724121094,41.247234344482422
92095002,2023,2023-06-15,9145,2023-06-10,1345,015241,,6,1,9,4700,0,3,5,,2,004,"TECHNOR ROBISON RD","RED ROCK ROAD",14784.00,S,N,A,-,N,,,,,,,,,,Y,3,0,1,1,A,-,03,22350,,N,E,I,A,A,H,-,A,D,0,,,,,Y,,D,22,0,1,0,0,0,0,0,0,0,"- ","- ",41.730739593505859,-121.79989624023438,SISKIYOU,UNINCORPORATED,-121.79935455322266,41.731365203857422
92097227,2023,2023-06-19,9146,2023-06-09,1100,014814,,5,1,2,4708,0,1,1,,2,010,"N/B I-5 CENTRAL WEED OFF RAMP","SOUTH WEED BOULEVARD",0.00,,Y,A,-,Y,SIS,,97," ",L,0.058,H,,R,Y,3,0,1,2,C,-,18,,,N,D,C,A,A,H,-,A,A,0,,,,Y,Y,,-,"- ",0,1,0,0,0,0,0,0,0,"- ","- ",41.418930053710938,-122.38297271728516,SISKIYOU,WEED,-122.38299560546875,41.418941497802734
92097923,2023,2023-06-20,9145,2023-06-10,1453,021256,,6,2,9,4700,0,1,1,,2,071,"NORTHBOUND INTERSTATE 5","MOONLIT OAKS AVE",464.00,S,N,A,-,Y,,,,,,,,,,Y,3,0,1,1,A,-,08,22107,,N,E,8,A,A,H,-,A,D,0,,,,,Y,,A,01,0,1,0,0,0,0,0,0,0,"- ","- ",41.702838897705078,-122.64214324951172,SISKIYOU,UNINCORPORATED,-122.64248657226562,41.702732086181641
92100056,2022,2023-06-22,9145,2022-05-30,2500,018958,,1,4,9,4700,0,3,5,,2,001,"USFS 1050 RD.","USFS 1055 RD",21120.00,E,N,A,-,N,,,,,,,,,,Y,1,1,0,1,B,-,22,,,N,F,A,A,A,H,-,A,D,0,,,Y,,Y,,C,06,0,0,0,0,0,0,0,1,0,"- ","- ",42.000480651855469,-123.0836181640625,SISKIYOU,UNINCORPORATED,-123.07617950439453,41.998214721679688
92104146,2023,2023-06-28,9146,2023-06-21,1034,018347,,3,1,9,4700,0,1,3,,1,022,SR-89,"BIGELOW ROAD",1056.00,N,N,A,-,Y,SIS,,89," "," ",16.990,H,,R,Y,4,0,2,2,A,-,08,22107,,N,B,2,A,A,H,-,A,D,0,,,,,Y,,A,07,0,0,2,0,0,0,0,0,0,"- ","- ",41.259021759033203,-121.99140167236328,SISKIYOU,UNINCORPORATED,-121.99140167236328,41.259025573730469
92108004,2023,2023-07-03,9145,2023-06-24,"238 ",019614,,6,3,9,4700,0,2,4,,1,014,"INDIAN CREEK ROAD","JACOBS WAY",270.00,S,N,A,-,N,,,,,,,,,,Y,2,0,1,1,A,-,08,22107,,N,E,I,A,A,H,-,D,D,0,,,,,Y,Y,D,22,1,0,0,0,0,0,0,0,0,"- ","- ",41.801689147949219,-123.37857055664062,SISKIYOU,UNINCORPORATED,-123.37845611572266,41.801826477050781
92121354,2023,2023-07-20,9145,2023-07-17,1540,021333,,1,2,9,4700,0,2,4,,1,037,"COUNTY ROAD A-12","SHASTA VISTA DRIVE",246.00,W,N,A,-,N,,,,,,,,,,Y,3,0,3,2,A,-,08,22107,,N,A,C,A,A,H,-,A,D,0,,,,,Y,,D,22,0,2,1,0,0,0,0,0,0,"- ","- ",41.580120086669922,-122.28846740722656,SISKIYOU,UNINCORPORATED,-122.2884521484375,41.580089569091797
92123861,2023,2023-07-24,9145,2023-07-16,"100 ",018124,,7,3,9,4700,0,3,5,,2,004,"DORRIS BROWNELL RD","SHEEPY CREEK RD",3168.00,S,N,A,-,N,,,,,,,,,,Y,4,0,1,1,C,-,18,,,N,H,H,A,A,H,-,D,D,0,,,,,Y,,-,"- ",0,0,1,0,0,0,0,0,0,"- ","- ",41.923938751220703,-121.82819366455078,SISKIYOU,UNINCORPORATED,-121.80625915527344,41.915267944335938
92125686,2023,2023-07-25,9145,2023-07-14,"600 ",018726,,5,1,9,4700,0,1,1,,2,070,"I-5 N/B","KLAMATHON ROAD",13200.00,S,N,A,-,Y,SIS,,5," ",R,55.570,H,,R,Y,3,0,2,1,A,-,08,22107,,N,E,8,A,A,H,-,A,D,0,,,,,Y,,A,07,0,2,0,0,0,0,0,0,0,"- ","- ",41.822238922119141,-122.57929229736328,SISKIYOU,UNINCORPORATED,-122.57923126220703,41.822246551513672
92137553,2023,2023-08-07,9146,2023-07-27,"250 ",019430,,4,3,9,4700,0,1,1,,2,010,"I-5 S/B","TRUCK VILLAGE DRIVE",2640.00,S,N,A,-,Y,SIS,,5," ",R,14.808,H,,L,Y,4,0,1,1,A,-,08,22107,,N,E,I,A,A,H,-,C,D,0,,,,Y,Y,,F,25,0,0,1,0,0,0,0,0,0,"- ","- ",41.361339569091797,-122.36570739746094,SISKIYOU,UNINCORPORATED,-122.36550140380859,41.361400604248047
92142930,2023,2023-08-14,9146,2023-08-04,2125,020811,,5,2,2,4708,0,1,1,,2,010,"I-5 S/B","VISTA DRIVE",1569.50,N,N,A,-,Y,SIS,,5," ",R,17.725,H,,L,Y,2,0,1,1,A,-,08,22107,,N,E,9,A,A,H,-,C,D,0,,,,,Y,,A,07,1,0,0,0,0,0,0,0,0,"- ","- ",41.399669647216797,-122.38307952880859,SISKIYOU,WEED,-122.38282012939453,41.399711608886719
92147723,2023,2023-08-18,9145,2023-07-29,"30  ",018726,,6,3,9,4700,0,3,5,,2,002,"WEST MOFFET CREEK ROAD",SR-3,8448.00,W,N,A,-,N,,,,,,,,,,Y,3,0,1,1,A,-,01,23152,A,M,F,A,A,A,H,-,A,D,0,,,,,Y,Y,A,01,0,1,0,0,0,0,0,0,0,"- ","- ",41.625400543212891,-122.78038787841797,SISKIYOU,UNINCORPORATED,-122.81816101074219,41.625289916992188
92150207,2023,2023-08-22,9145,2023-08-14,1257,018817,,1,1,9,4700,0,1,3,,1,011,SR-96,"SEIAD CREEK ROAD",1584.00,W,N,A,-,Y,SIS,,96," "," ",59.811,H,,R,N,3,0,1,1,A,-,08,22107,,N,F,A,A,A,H,-,A,D,0,,,,,Y,,E,22,0,1,0,0,0,0,0,0,0,"- ","- ",41.844970703125,-123.20355987548828,SISKIYOU,UNINCORPORATED,-123.20355987548828,41.844940185546875
92155900,2023,2023-08-28,9146,2023-08-20,1355,020811,,7,1,9,4700,0,1,1,,2,012,"I-5 N/B","MOTT ROAD",1050.00,S,N,B,-,Y,SIS,,5," "," ",5.708,H,,R,Y,4,0,2,2,A,-,03,22350,,N,C,C,A,A,D,-,A,A,0,,,,,Y,,A,01,0,0,2,0,0,0,0,0,0,"- ","- ",41.255790710449219,-122.26773834228516,SISKIYOU,UNINCORPORATED,-122.26764678955078,41.255882263183594
92163774,2023,2023-09-06,9146,2023-09-02,2035,019430,,6,2,2,4706,0,3,5,,2,001,"MEADOW VALLEY DRIVE","MOUNTAIN VIEW DR",95.00,N,N,A,-,N,,,,,,,,,,Y,3,0,2,1,A,-,00,22352,A,N,F,8,A,A,H,-,D,D,0,,,,,Y,Y,-,"- ",0,1,1,0,0,0,0,0,0,"- ","- ",41.31719970703125,-122.33766937255859,SISKIYOU,"MOUNT SHASTA",-122.33782958984375,41.317066192626953
92172904,2023,2023-09-18,9145,2023-09-18,1108,023434,,1,1,1,4701,0,1,2,,1,041,"PINE STREET","E. HAZEN STREET",182.00,N,N,B,-,N,,,,,,,,,,N,4,0,1,1,A,-,03,22350,,N,E,J,A,A,H,-,A,D,0,,,,,Y,,A,07,0,0,1,0,0,0,0,0,0,"- ","- ",41.969200134277344,-121.91696166992188,SISKIYOU,DORRIS,-121.91700744628906,41.969108581542969
92176974,2023,2023-09-22,9146,2023-09-17,1705,021049,,7,2,9,4700,0,1,1,,2,011,"INTERSTATE 5","AZALEA DRIVE",1584.00,S,N,A,-,Y,SIS,,5," ",R,8.077,H,,L,Y,4,0,1,1,A,-,08,22107,,N,E,I,A,A,D,-,A,D,0,,,,,Y,,E,22,0,0,1,0,0,0,0,0,0,"- ","- ",41.281448364257812,-122.29621887207031,SISKIYOU,UNINCORPORATED,-122.29616546630859,41.281505584716797
92191729,2023,2023-10-05,9146,2023-09-24,1900,019430,,7,2,9,4700,0,3,5,,2,002,"USFS ROAD 39N11Y","UNNAMED ROAD.",200.00,W,N,A,-,N,,,,,,,,,,N,3,0,1,1,A,-,03,22350,,N,F,A,A,A,H,-,B,D,0,,,Y,,Y,,-,"- ",0,1,0,0,0,0,0,0,1,"- ","- ",41.241680145263672,-121.90174102783203,SISKIYOU,UNINCORPORATED,,
92198920,2023,2023-10-13,9146,2023-10-05,1530,021129,,4,2,9,4700,0,1,2,,1,020,"STATE ROUTE 97","BIG SPRINGS RD",2700.00,N,N,A,-,Y,SIS,,97," "," ",4.960,H,,R,Y,3,0,1,1,A,-,08,22107,,N,E,I,A,A,H,-,A,D,0,,,,Y,Y,,-,"- ",0,1,0,0,0,0,0,0,0,"- ","- ",41.479049682617188,-122.34697723388672,SISKIYOU,UNINCORPORATED,-122.34705352783203,41.479118347167969
92223574,2023,2023-10-31,9145,2023-10-24,1338,023406,,2,1,9,4700,0,1,3,,1,061,"RT 96","FOREST ROUTE 40S01",7392.00,W,N,B,-,Y,SIS,,96," "," ",86.278,H,,R,Y,3,0,1,2,A,-,05,21460,A,N,B,2,A,A,H,-,A,D,0,,,,Y,Y,,G,25,0,1,0,0,0,0,0,0,0,"- ","- ",41.848598480224609,-122.83769989013672,SISKIYOU,UNINCORPORATED,-122.83769226074219,41.848598480224609
92225342,2023,2023-11-01,9145,2023-06-03,2125,021580,,6,2,9,4700,0,1,3,,1,020,"STATE ROUTE 3","3 SIS 40.97",580.00,N,N,A,-,Y,SIS,,3," "," ",41.094,H,,R,Y,1,2,5,2,A,-,01,23152,F,N,D,C,A,A,H,-,D,A,0,,,,,Y,,D,22,4,1,0,0,0,0,0,0,0,"- ","- ",41.669719696044922,-122.7318115234375,SISKIYOU,UNINCORPORATED,-122.73175811767578,41.669700622558594
92227374,2023,2023-11-03,9146,2023-10-24,2255,019711,,2,3,9,4700,0,3,5,,2,002,"BIG CANYON DR.",SR-89,250.00,S,N,A,-,N,,,,,,,,,,N,4,0,1,1,A,-,01,23152,A,M,E,I,A,A,H,-,C,D,0,,,,,Y,Y,A,01,0,0,1,0,0,0,0,0,0,"- ","- ",41.286731719970703,-122.29805755615234,SISKIYOU,UNINCORPORATED,-122.298095703125,41.286769866943359
92228414,2023,2023-11-06,9145,2023-10-28,2144,022654,,6,2,9,4700,0,2,4,,1,034,A12,"3RD AVE",0.00,,Y,A,-,N,,,,,,,,,,Y,3,0,1,2,A,-,09,21800,A,N,D,C,A,A,H,-,D,D,0,,,,,Y,,A,07,0,1,0,0,0,0,0,0,0,"- ","- ",41.647178649902344,-122.52371215820312,SISKIYOU,UNINCORPORATED,-122.52374399999999,41.647205999999997
92235484,2023,2023-11-14,9146,2023-11-05,1402,021049,,7,2,9,4700,0,1,1,,2,010,"I-5 S/B","LASSEN AVE",50.00,N,N,B,-,Y,SIS,,5," ",R,11.197,H,,L,Y,3,0,1,1,A,-,08,22107,,N,E,I,A,A,H,-,A,D,0,,,,,Y,,D,22,0,1,0,0,0,0,0,0,0,"- ","- ",41.319671630859375,-122.32566833496094,SISKIYOU,UNINCORPORATED,-122.32559967041016,41.319690704345703
92251271,2023,2023-12-04,9145,2023-10-01,1750,023434,,7,2,9,4700,0,3,5,,2,005,"OLD STATE HIGHWAY","MACDOEL DISTRICT RD",234.00,S,N,A,-,N,,,,,,,,,,Y,2,0,2,1,A,-,01,23152,A,N,F,A,A,A,H,-,A,D,0,,,,,Y,Y,A,01,2,0,0,0,0,0,0,0,0,"- ","- ",41.79241943359375,-122.004150390625,SISKIYOU,UNINCORPORATED,-122.00412750244141,41.792678833007812
92253361,2023,2023-12-05,9145,2023-12-01,1220,018124,,5,1,9,4700,0,1,2,,1,043,US-97,"DEER MOUNTAIN ROAD",3696.00,S,N,D,-,Y,SIS,,97," ",R,15.795,H,,R,Y,3,0,2,1,A,-,03,22350,,N,F,A,A,C,H,-,A,D,0,,,,,Y,,A,07,0,2,0,0,0,0,0,0,0,"- ","- ",41.573318481445312,-122.19558715820312,SISKIYOU,UNINCORPORATED,-122.19548797607422,41.573287963867188
92258110,2023,2023-12-11,9145,2023-11-29,2035,023406,,3,2,1,4703,0,1,3,,1,021,"STATE ROUTE 3","HOLZHAUSER RD",1056.00,S,N,B,-,Y,SIS,,3," "," ",23.462,H,,R,Y,2,0,1,1,A,-,08,22107,,N,F,0,A,A,H,-,D,D,0,,,,,Y,,A,01,1,0,0,0,0,0,0,0,0,"- ","- ",41.491031646728516,-122.90579986572266,SISKIYOU,ETNA,-122.90560913085938,41.491054534912109
92258119,2023,2023-12-11,9145,2023-12-04,1600,022870,,1,2,9,4700,0,3,5,,2,003,"SLOUGH RD","EAST LOUIE RD",1650.00,S,N,A,-,N,,,,,,,,,,Y,4,0,3,1,A,-,03,22350,,N,E,I,A,A,H,-,B,D,0,,,,,Y,Y,A,01,0,0,3,0,0,0,0,0,0,"- ","- ",41.549240112304688,-122.47633361816406,SISKIYOU,UNINCORPORATED,-122.476318359375,41.549293518066406
92259000,2023,2023-12-11,9146,2023-12-08,"820 ",018347,,5,1,2,4708,0,1,1,,2,010,"I-5 S/B","SHASTINA DRIVE U/C",528.00,S,N,A,-,Y,SIS,,5," ",R,18.672,H,,L,Y,4,0,1,1,A,-,03,22350,,N,E,8,A,B,H,-,A,D,0,,,,Y,Y,,G,25,0,0,1,0,0,0,0,0,0,"- ","- ",41.412929534912109,-122.38075256347656,SISKIYOU,WEED,-122.38079071044922,41.412914276123047
92260351,2023,2023-12-12,9145,2023-12-01,1200,023434,,5,1,9,4700,0,3,5,,2,003,"EDGEWOOD RD","N WEED BLVD",6072.00,N,N,D,-,N,,,,,,,,,,Y,3,0,1,1,A,-,03,22350,,N,E,I,A,C,H,-,A,D,0,,,,,Y,,D,22,0,1,0,0,0,0,0,0,0,"- ","- ",41.430950164794922,-122.41233062744141,SISKIYOU,UNINCORPORATED,-122.41176605224609,41.431007385253906
92264885,2023,2023-12-18,9145,2023-12-10,"952 ",018151,,7,1,9,4700,0,1,1,,2,072,"INTERSTATE 5","JULIEN CREEK",3168.00,N,N,B,-,Y,SIS,,5," ",R,40.786,H,,R,Y,4,0,1,2,A,-,03,22350,,N,C,C,A,A,H,-,A,D,0,,,,Y,Y,,G,25,0,0,1,0,0,0,0,0,0,"- ","- ",41.661060333251953,-122.58054351806641,SISKIYOU,UNINCORPORATED,-122.58053588867188,41.661079406738281
92271542,2023,2023-12-26,9145,2023-12-12,1250,018604,,2,1,9,4700,0,3,5,,2,002,"HOLZHAUSER ROAD","ISLAND RD",1584.00,N,N,A,-,N,,,,,,,,,,Y,3,0,1,1,A,-,08,22107,,N,F,A,A,A,H,-,A,D,0,,,,,Y,,D,22,0,1,0,0,0,0,0,0,0,"- ","- ",41.492259979248047,-122.87338256835938,SISKIYOU,UNINCORPORATED,-122.873291015625,41.492221832275391
92286655,2024,2024-01-15,9145,2024-01-06,1645,018124,,6,2,9,4700,0,1,2,,1,043,US-97,"DEER MOUNTAIN ROAD",3696.00,S,N,B,-,Y,SIS,,97," ",R,15.701,H,,R,N,3,0,2,1,A,-,03,22350,,N,F,A,A,C,H,-,B,D,0,,,,,Y,,D,22,0,2,0,0,0,0,0,0,0,"- ","- ",41.572040557861328,-122.19625091552734,SISKIYOU,UNINCORPORATED,-122.19630432128906,41.572063446044922
92287780,2024,2024-01-16,9146,2024-01-10,1015,015592,,3,1,9,4700,0,1,1,,2,011,"INTERSTATE 5 NORTHBOUND","LAKE STREET",1584.00,N,N,D,-,Y,SIS,,5," ",R,10.806,H,,R,Y,3,0,1,1,A,-,08,22107,,N,F,A,A,C,H,-,A,D,0,,,,Y,Y,,G,25,0,1,0,0,0,0,0,0,0,"- ","- ",41.314479827880859,-122.32225036621094,SISKIYOU,UNINCORPORATED,-122.32237243652344,41.314441680908203
92289084,2024,2024-01-17,9146,2024-01-11,"620 ",018398,,4,1,9,4700,0,1,3,,1,021,"STATE ROUTE 89","S MT SHASTA BLVD",4752.00,S,N,B,-,Y,SIS,,89," "," ",33.451,H,,R,Y,3,0,1,1,A,-,03,22350,,N,E,I,A,C,H,-,D,D,0,,,,,Y,,D,22,0,1,0,0,0,0,0,0,0,"- ","- ",41.288681030273438,-122.28093719482422,SISKIYOU,UNINCORPORATED,-122.28093719482422,41.288658142089844
92289196,2024,2024-01-17,9146,2024-01-11,"757 ",020647,,4,1,9,4700,0,1,1,,2,010,"I-5 SOUTHBOUND","ABRAMS LAKE ROAD OVERCROSSING",4224.00,N,N,A,-,Y,SIS,,5," ",R,14.028,H,,L,Y,4,0,1,2,A,-,03,22350,,N,C,C,A,C,H,-,A,D,0,,,,,Y,,A,01,0,0,1,0,0,0,0,0,0,"- ","- ",41.353771209716797,-122.35488128662109,SISKIYOU,UNINCORPORATED,-122.35491180419922,41.353748321533203
92292886,2024,2024-01-22,9145,2024-01-06,1316,018817,,6,1,9,4700,0,1,3,,1,020,"SR-3 N/B","MPM 3 SIS 35.7",528.00,N,N,B,-,Y,SIS,,3," "," ",35.837,H,,R,Y,4,0,1,1,A,-,03,22350,,N,F,A,A,C,G,-,A,D,0,,,,,Y,,D,22,0,0,1,0,0,0,0,0,0,"- ","- ",41.621368408203125,-122.79474639892578,SISKIYOU,UNINCORPORATED,-122.79475402832031,41.621345520019531
92307177,2024,2024-02-06,9146,2024-02-03,1050,020811,,6,1,9,4700,0,1,3,,1,022,SR-89,"DEAD HORSE CANYON ROAD",1800.00,S,N,D,-,N,,,,,,,,,,Y,3,0,1,1,A,-,03,22350,,N,E,9,A,C,H,-,A,D,0,,,,,Y,,A,07,0,1,0,0,0,0,0,0,0,"- ","- ",41.202011108398438,-121.76920318603516,SISKIYOU,UNINCORPORATED,-121.76920318603516,41.201961517333984
92307214,2024,2024-02-06,9146,2024-02-05,1330,014814,,1,1,9,4700,0,1,1,,2,014,"I-5 S/B","SIMS ROAD",5280.00,S,N,C,-,Y,SHA,,5," ",R,56.046,H,,L,Y,4,0,1,1,A,-,08,22107,,N,E,I,A,B,H,-,A,D,0,,,,,Y,,A,01,0,0,1,0,0,0,0,0,0,"- ","- ",41.05670166015625,-122.37413787841797,SISKIYOU,UNINCORPORATED,-122.37419891357422,41.056766510009766
92309100,2024,2024-02-08,9146,2024-01-28,1330,017958,,7,1,9,4700,0,1,3,,1,021,"STATE ROUTE 89","SKI PARK HIGHWAY",0.00,,Y,A,-,Y,SIS,,89," "," ",29.413,H,,R,N,4,0,1,2,A,-,09,21802,B,N,H,J,A,B,H,-,A,A,0,,,,,Y,,A,01,0,0,1,0,0,0,0,0,0,"- ","- ",41.268760681152344,-122.21492767333984,SISKIYOU,UNINCORPORATED,-122.21490478515625,41.26861572265625
92319587,2024,2024-02-21,9146,2024-02-14,1030,014814,,3,1,9,4700,0,1,3,,1,022,SR-89,"SHASTA COUNTY LINE",7920.00,N,N,C,D,Y,SIS,,89," "," ",1.923,H,,R,Y,3,0,1,1,A,-,03,22350,,N,F,9,A,C,H,-,A,D,0,,,,,Y,,D,22,0,1,0,0,0,0,0,0,0,"- ","- ",41.197780609130859,-121.74623107910156,SISKIYOU,UNINCORPORATED,-121.74624633789062,41.197765350341797