CASE_ID,ACCIDENT_YEAR,PROC_DATE,JURIS,COLLISION_DATE,COLLISION_TIME,OFFICER_ID,REPORTING_DISTRICT,DAY_OF_WEEK,CHP_SHIFT,POPULATION,CNTY_CITY_LOC,SPECIAL_COND,BEAT_TYPE,CHP_BEAT_TYPE,CITY_DIVISION_LAPD,CHP_BEAT_CLASS,BEAT_NUMBER,PRIMARY_RD,SECONDARY_RD,DISTANCE,DIRECTION,INTERSECTION,WEATHER_1,WEATHER_2,STATE_HWY_IND,CALTRANS_COUNTY,CALTRANS_DISTRICT,STATE_ROUTE,ROUTE_SUFFIX,POSTMILE_PREFIX,POSTMILE,LOCATION_TYPE,RAMP_INTERSECTION,SIDE_OF_HWY,TOW_AWAY,COLLISION_SEVERITY,NUMBER_KILLED,NUMBER_INJURED,PARTY_COUNT,PRIMARY_COLL_FACTOR,PCF_CODE_OF_VIOL,PCF_VIOL_CATEGORY,PCF_VIOLATION,PCF_VIOL_SUBSECTION,HIT_AND_RUN,TYPE_OF_COLLISION,MVIW,PED_ACTION,ROAD_SURFACE,ROAD_COND_1,ROAD_COND_2,LIGHTING,CONTROL_DEVICE,CHP_ROAD_TYPE,PEDESTRIAN_ACCIDENT,BICYCLE_ACCIDENT,MOTORCYCLE_ACCIDENT,TRUCK_ACCIDENT,NOT_PRIVATE_PROPERTY,ALCOHOL_INVOLVED,STWD_VEHTYPE_AT_FAULT,CHP_VEHTYPE_AT_FAULT,COUNT_SEVERE_INJ,COUNT_VISIBLE_INJ,COUNT_COMPLAINT_PAIN,COUNT_PED_KILLED,COUNT_PED_INJURED,COUNT_BICYCLIST_KILLED,COUNT_BICYCLIST_INJURED,COUNT_MC_KILLED,COUNT_MC_INJURED,PRIMARY_RAMP,SECONDARY_RAMP,LATITUDE,LONGITUDE,COUNTY,CITY,POINT_X,POINT_Y
90952051,2019,2019-03-25,9145,2019-03-17,1945,020700,,7,2,9,4700,0,3,5,,2,005,"YREKA AGER RD","RABBIT BRUSH RD",4224.00,W,N,A,-,N,,,,,,,,,,Y,3,0,1,1,A,-,01,23152,A,M,F,A,A,A,H,-,D,D,0,,,,,Y,Y,A,07,0,1,0,0,0,0,0,0,0,"- ","- ",41.758831024169922,-122.56307220458984,SISKIYOU,UNINCORPORATED,-122.56214904785156,41.759719848632812
90952992,2019,2019-03-25,9146,2019-03-14,2145,017958,,4,2,9,4700,0,2,4,,1,015,"SOUTH OLD STAGE ROAD","W.A. BARR",2059.00,S,N,A,-,N,,,,,,,,,,Y,1,1,0,1,A,-,08,22107,,N,E,I,A,A,H,-,D,D,0,,,,,Y,,A,07,0,0,0,0,0,0,0,0,0,"- ","- ",41.301891326904297,-122.31929016113281,SISKIYOU,UNINCORPORATED,-122.32494354248047,41.305370330810547
90959162,2019,2019-04-02,9145,2019-03-23,1349,018151,,6,1,9,4700,0,2,4,,1,034,"BIG SPRINGS RD","SUNSET PL",550.00,S,N,A,-,N,,,,,,,,,,Y,3,0,1,2,A,-,08,22107,,N,D,C,A,A,H,-,A,D,0,,,,,Y,,A,07,0,1,0,0,0,0,0,0,0,"- ","- ",41.581188201904297,-122.39913177490234,SISKIYOU,UNINCORPORATED,-122.39948272705078,41.582263946533203
90959478,2019,2019-04-02,9145,2019-03-23,2135,020700,,6,2,9,4700,0,1,1,,2,070,"I-5 S/B","SHAST RIVER",13200.00,N,N,A,-,Y,,,5,,,,,,S,Y,3,0,2,1,A,-,08,22107,,N,E,I,A,B,H,-,D,D,0,,,,,Y,,A,07,0,1,1,0,0,0,0,0,0,"- ","- ",41.798969268798828,-122.58238220214844,SISKIYOU,UNINCORPORATED,-122.58237457275391,41.798969268798828
90959509,2019,2019-04-02,9145,2019-03-24,1330,020700,,7,1,9,4700,0,3,5,,2,005,"HAWKINSVILLE HUMBUG RD","CANAL GULCH RD",8448.00,W,N,A,-,N,,,,,,,,,,N,3,0,1,1,A,-,08,22107,,N,F,A,A,A,H,-,A,D,0,,,Y,,Y,,C,06,0,1,0,0,0,0,0,0,1,"- ","- ",41.781528472900391,-122.64594268798828,SISKIYOU,UNINCORPORATED,-122.65113067626953,41.782905578613281
90961435,2019,2019-04-04,9146,2019-03-28,0725,014814,,4,1,9,4700,0,1,3,,1,021,SR-89,"SKI PARK HIGHWAY",1200.00,S,N,D,-,Y,,,89,,,,,,,Y,4,0,1,1,A,-,03,22350,,N,E,I,A,C,H,-,A,D,0,,,,,Y,,A,07,0,0,1,0,0,0,0,0,0,"- ","- ",41.270339965820312,-122.21012878417969,SISKIYOU,UNINCORPORATED,-122.21021270751953,41.27044677734375
90967602,2019,2019-04-15,9146,2019-03-30,2140,017958,,6,2,9,4700,0,1,3,,1,022,"STATE ROUTE 89 (SR-89)","SKI PARK HIGHWAY",5280.00,S,N,A,-,Y,,,89,,,,,,,Y,3,0,1,1,A,-,01,23152,A,N,F,A,A,A,H,-,D,D,0,,,,,Y,Y,D,22,0,1,0,0,0,0,0,0,0,"- ","- ",41.268798828125,-122.19509887695312,SISKIYOU,UNINCORPORATED,-122.19509887695312,41.268795013427734
90977769,2019,2019-04-29,9145,2019-04-21,0806,017793,,7,1,9,4700,0,1,3,,1,021,"SR-3 N/B","FOREST MOUNTAIN SUMMIT",4752.00,S,N,A,-,Y,,,,,,,,,,Y,4,0,1,1,A,-,08,22107,,N,E,I,A,A,H,-,A,A,0,,,,,Y,,A,01,0,0,1,0,0,0,0,0,0,"- ","- ",,,SISKIYOU,UNINCORPORATED,,
90979347,2019,2019-05-01,9145,2019-04-18,1700,019711,,4,2,9,4700,0,3,5,,2,003,"HARRY CASH RD","ROCKY LN",417.00,S,N,A,-,N,,,,,,,,,,Y,3,0,1,1,A,-,01,23152,A,N,E,I,A,A,H,-,A,D,0,,,Y,,Y,Y,C,02,0,1,0,0,0,0,0,0,1,"- ","- ",41.648128509521484,-122.35989379882812,SISKIYOU,UNINCORPORATED,-122.35986328125,41.648208618164062
90985448,2019,2019-08-08,9145,2019-04-28,1952,018817,,7,2,9,4700,0,1,3,,1,060,SR-263,"OLD SHASTA RIVER RD",4224.00,N,N,A,-,Y,,,263,,,,,,,Y,1,1,0,1,A,-,08,22107,,N,E,I,A,A,H,-,A,D,0,,,Y,,Y,,C,02,0,0,0,0,0,0,0,1,0,"- ","- ",41.786331176757812,-122.60059356689453,SISKIYOU,UNINCORPORATED,-122.60068511962891,41.786312103271484
90987969,2019,2019-05-14,9145,2019-05-06,1845,021593,,1,2,9,4700,0,3,5,,2,005,"I-5 N/B OFF RAMP TO ANDERSON GRADE ROAD","ANDERSON GRADE RD",0.00,,Y,A,-,Y,,,5,,,,R,,N,Y,4,0,1,1,A,-,03,22350,,N,F,A,A,A,H,-,A,A,0,,,,,Y,,D,22,0,0,1,0,0,0,0,0,0,"- ","- ",41.855499267578125,-122.57141876220703,SISKIYOU,UNINCORPORATED,-122.57141876220703,41.855499267578125
90990407,2019,2019-05-16,9145,2019-05-09,0350,021199,,4,3,9,4700,0,1,3,,1,060,"SR-263 S/B","OLD SHASTA RIVER RD",6336.00,N,N,A,-,Y,,,263,,,,,,S,N,3,0,1,1,A,-,03,22350,,N,E,I,A,A,H,-,D,D,0,,,,,Y,,A,01,0,1,0,0,0,0,0,0,0,"- ","- ",41.789730072021484,-122.60478973388672,SISKIYOU,UNINCORPORATED,-122.60474395751953,41.789848327636719
90990831,2019,2019-05-17,9145,2019-05-04,0320,020819,,6,3,9,4700,0,1,3,,1,061,"SR-96 W/B","BEAVER CREEK RD",1572.00,W,N,A,-,Y,,,96,,,,,,W,Y,2,0,1,1,A,-,01,23152,G,N,E,I,A,A,H,-,D,D,0,,,,,Y,Y,A,01,1,0,0,0,0,0,0,0,0,"- ","- ",41.86614990234375,-122.81960296630859,SISKIYOU,UNINCORPORATED,-122.81956481933594,41.866115570068359
90991018,2019,2019-05-17,9145,2019-05-08,1010,016340,,3,1,9,4700,0,3,5,,2,005,"HILT ROAD","NB 5 HILT ROAD OFF-RAMP",0.00,,Y,A,-,N,,,,,,,,,,Y,4,0,2,1,A,-,03,22350,,N,E,I,A,A,H,-,A,D,0,,,,,Y,,A,01,0,0,2,0,0,0,0,0,0,"- ","- ",41.993099212646484,-122.60890197753906,SISKIYOU,UNINCORPORATED,-122.608892,41.992778000000001
90992149,2019,2019-05-20,9145,2019-05-17,1452,017793,,5,2,9,4700,0,3,5,,2,005,"HORNBROOK RD","HENLEY HORNBROOK RD",7.00,S,N,B,-,N,,,,,,,,,,N,3,0,1,2,A,-,01,23152,A,N,D,C,A,A,H,-,A,D,0,,,Y,,Y,Y,C,02,0,1,0,0,0,0,0,0,1,"- ","- ",41.909080505371094,-122.55847930908203,SISKIYOU,UNINCORPORATED,-122.55847930908203,41.909103393554688
90993051,2019,2019-05-21,9145,2019-03-06,1455,018604,,3,2,9,4700,0,3,5,,2,003,"BIG SPRINGS ROAD","FLINT COURT",235.00,N,N,B,-,N,,,,,,,,,,Y,1,1,0,1,A,-,01,23152,F,N,F,A,A,A,H,-,A,D,0,,,,,Y,,D,22,0,0,0,0,0,0,0,0,0,"- ","- ",41.383201599121094,-122.23570251464844,SISKIYOU,UNINCORPORATED,-122.399169921875,41.64215087890625
90993717,2019,2019-05-22,9145,2019-05-21,1930,018151,,2,2,9,4700,0,1,1,,2,073,"I-5 N/B","EDGEWOOD RD",7920.00,S,N,C,F,Y,,,5,,,,,,N,Y,4,0,1,1,A,-,03,22350,,N,E,I,A,B,H,-,A,D,0,,,,,Y,,A,08,0,0,1,0,0,0,0,0,0,"- ","- ",41.429508209228516,-122.41757965087891,SISKIYOU,UNINCORPORATED,-122.41756439208984,41.429405212402344
90994681,2019,2019-05-23,9145,2019-05-09,2225,019711,,4,3,9,4700,0,1,1,,2,070,"I-5 S/B","SHASTA RIVER BRIDGE",5808.00,N,N,A,-,Y,,,5,,,,,,S,Y,3,0,1,1,C,-,18,,,N,E,J,A,A,H,-,D,D,0,,,Y,,Y,,-,"- ",0,1,0,0,0,0,0,0,1,"- ","- ",41.784721374511719,-122.58495330810547,SISKIYOU,UNINCORPORATED,-122.58493041992188,41.784725189208984
90997000,2019,2019-05-28,9145,2019-05-20,0730,019614,,1,1,9,4700,0,1,3,,1,012,"SR-96 E/B","STUARTS BAR RIVER ACCESS RD",31.00,W,N,B,-,Y,,,96,,,,,,E,Y,3,0,1,1,A,-,03,22350,,N,F,A,A,A,H,-,A,D,0,,,,,Y,,A,01,0,1,0,0,0,0,0,0,0,"- ","- ",41.442401885986328,-123.50450134277344,SISKIYOU,UNINCORPORATED,-123.50455474853516,41.442291259765625
91001062,2019,2019-05-31,9146,2019-05-27,1832,020647,,1,2,9,4700,0,1,1,,2,011,"I-5 S/B","AZALEA DRIVE",2640.00,S,N,B,C,Y,,,5,,,,,,S,Y,4,0,1,2,A,-,01,23152,A,N,C,C,A,B,H,-,A,D,0,,,,,Y,Y,D,22,0,0,1,0,0,0,0,0,0,"- ","- ",41.277778625488281,-122.28970336914062,SISKIYOU,UNINCORPORATED,-122.28968048095703,41.277816772460938
91002928,2019,2019-06-04,9145,2019-05-31,1713,021593,,5,2,9,4700,0,2,4,,1,051,"AGER RD","SHELLEY RD",3168.00,S,N,A,-,Y,,,,,,,,,,Y,3,0,1,1,C,-,18,,,N,H,H,A,A,H,-,A,D,0,,,Y,,Y,,-,"- ",0,1,0,0,0,0,0,0,1,"- ","- ",41.763149261474609,-122.52469635009766,SISKIYOU,UNINCORPORATED,-122.52472686767578,41.762714385986328
91004849,2019,2019-06-06,9145,2019-06-03,2230,018398,,1,3,9,4700,0,2,4,,1,037,"COUNTY ROAD A-12","HARRY CASH ROAD",1584.00,W,N,A,-,N,,,,,,,,,,Y,4,0,1,1,A,-,08,22107,,N,E,I,A,A,H,-,D,D,0,,,,,Y,,A,07,0,0,1,0,0,0,0,0,0,"- ","- ",41.591991424560547,-122.30706024169922,SISKIYOU,UNINCORPORATED,-122.30706024169922,41.59197998046875
91008067,2019,2019-06-11,9145,2019-06-08,0823,017793,,6,1,9,4700,0,1,1,,2,070,"I-5 S/B","HILT RD U/C BRIDGE",1056.00,S,N,A,-,Y,,,5,,,,,,S,Y,2,0,1,1,A,-,08,22107,,N,F,A,A,A,H,-,A,D,0,,,,,Y,,A,01,1,0,0,0,0,0,0,0,0,"- ","- ",41.990081787109375,-122.608642578125,SISKIYOU,UNINCORPORATED,-122.60848236083984,41.990154266357422
91011351,2019,2019-08-22,9146,2019-06-07,1410,017958,,5,2,9,4700,0,3,5,,2,001,"DEETZ ROAD","N. OLD STAGE ROAD",800.00,W,N,A,-,N,,,,,,,,,,Y,4,0,1,1,A,-,08,22107,,N,F,I,A,A,H,-,A,A,0,,,,,Y,,A,07,0,0,1,0,0,0,0,0,0,"- ","- ",41.364631652832031,-122.384521484375,SISKIYOU,UNINCORPORATED,-122.37968444824219,41.363601684570312
91015377,2019,2019-06-24,9146,2019-06-11,1925,016040,,2,2,9,4700,0,2,4,,1,015,"N. OLD STAGE RD","WOODLAND PARK DR",843.00,S,N,A,-,N,,,,,,,,,,Y,3,0,2,1,A,-,01,23152,A,N,E,I,A,A,H,-,A,A,0,,,,,Y,Y,A,01,0,2,0,0,0,0,0,0,0,"- ","- ",41.320888519287109,-122.34474945068359,SISKIYOU,UNINCORPORATED,-122.34455871582031,41.320610046386719
91018388,2019,2019-06-26,9146,2019-06-06,1544,015873,,4,2,9,4700,0,1,3,,1,021,SR-89,"SQUAW VALLEY RD.",0.00,,Y,A,-,Y,,,89,,,,,,,Y,3,0,2,2,A,-,09,21802,A,N,D,C,A,A,H,-,A,A,0,,,,,Y,,A,01,0,1,1,0,0,0,0,0,0,"- ","- ",41.251110076904297,-122.13623809814453,SISKIYOU,UNINCORPORATED,-122.13623809814453,41.251186370849609
91023340,2019,2019-07-02,9146,2019-06-20,1910,017958,,4,2,9,4700,0,3,5,,2,002,"UNNAMED DIRT ROAD","HOTLAM ROAD",447.00,N,N,A,-,N,,,,,,,,,,N,2,0,1,1,A,-,03,38305,,N,F,A,A,A,H,-,A,D,0,,,Y,,Y,,C,06,1,0,0,0,0,0,0,0,1,"- ","- ",41.484298706054688,-122.34059906005859,SISKIYOU,UNINCORPORATED,,
91027257,2019,2019-07-09,9146,2019-07-01,0315,015592,,1,3,9,4700,0,3,5,,2,001,"CASTLE LAKE ROAD","METHODIST CAMP TURNOFF",0.00,,Y,A,-,N,,,,,,,,,,Y,3,0,1,1,A,-,08,22107,,N,F,A,A,A,H,-,D,D,0,,,,,Y,,A,08,0,1,0,0,0,0,0,0,0,"- ","- ",41.246299743652344,-122.39250183105469,SISKIYOU,UNINCORPORATED,-122.392503,41.246324000000001
91029238,2019,2019-07-11,9145,2019-07-05,1540,020819,,5,2,9,4700,0,2,4,,1,051,"MONTAGUE GRENADA RD","OBERLIN RD",462.00,N,N,A,-,N,,,,,,,,,,Y,3,0,1,1,A,-,08,22107,,N,E,I,A,A,H,-,A,D,0,,,,,Y,,D,22,0,1,0,0,0,0,0,0,0,"- ","- ",41.70697021484375,-122.53984832763672,SISKIYOU,UNINCORPORATED,-122.53977966308594,41.70697021484375
91029640,2019,2019-07-12,9145,2019-07-06,2300,018817,,6,3,9,4700,0,1,3,,1,061,"SR-96 W/B","WALKER ROAD",17424.00,E,N,A,-,Y,,,96,,,,,,W,Y,4,0,1,1,C,-,18,,,N,H,H,A,A,H,-,D,D,0,,,,,Y,,-,"- ",0,0,1,0,0,0,0,0,0,"- ","- ",41.841091156005859,-122.92838287353516,SISKIYOU,UNINCORPORATED,-122.92837524414062,41.841079711914062
91030086,2019,2019-07-30,9145,2019-07-11,1251,016857,,4,1,9,4700,0,1,1,,2,072,"I-5 N/B","LOUIE RD",6442.00,N,N,A,-,Y,,,5,,,,,,N,N,4,0,1,2,A,-,03,22350,,N,C,C,A,A,H,-,A,D,0,,,,,Y,,A,07,0,0,1,0,0,0,0,0,0,"- ","- ",41.567981719970703,-122.49440002441406,SISKIYOU,UNINCORPORATED,-122.49449157714844,41.56793212890625
91030120,2019,2019-07-12,9145,2019-07-07,1140,013713,,7,1,9,4700,0,1,3,,1,012,SR-96,"SECOND AVE",143.00,E,N,A,-,Y,,,96,,,,,,,Y,2,0,1,1,C,-,18,,,N,H,H,A,A,H,-,A,D,0,,,Y,,Y,,-,"- ",1,0,0,0,0,0,0,0,1,"- ","- ",41.789089202880859,-123.38291931152344,SISKIYOU,UNINCORPORATED,-123.38291168212891,41.789077758789062
91035169,2019,2019-07-22,9146,2019-07-03,1255,015873,,3,1,9,4700,0,1,3,,1,022,SR-89,"FOWLERS CAMPGROUND ENTRAN./EXIT",792.00,E,N,A,-,Y,,,89,,,,,,,Y,4,0,1,1,C,-,18,,,N,E,H,A,A,H,-,A,D,0,,,,,Y,,-,"- ",0,0,1,0,0,0,0,0,0,"- ","- ",41.256889343261719,-122.02838897705078,SISKIYOU,UNINCORPORATED,-122.02838897705078,41.256858825683594
91035251,2019,2019-07-26,9146,2019-07-21,2117,016333,,7,2,9,4700,0,1,1,,2,010,"I-5 S/B","ABRAMS LAKE ROAD",1584.00,N,N,A,-,Y,,,5,,,,,,S,Y,4,0,1,1,A,-,08,22107,,N,E,I,A,A,H,-,D,D,0,,,,,Y,,M,47,0,0,1,0,0,0,0,0,0,"- ","- ",41.348499298095703,-122.34909820556641,SISKIYOU,UNINCORPORATED,-122.34917449951172,41.348419189453125
91035450,2019,2019-07-22,9145,2019-07-21,1135,014553,,7,1,9,4700,0,2,4,,1,031,"OLD HIGHWAY 99","TRUTTMAN LN.",1584.00,N,N,A,-,N,,,,,,,,,,Y,3,0,2,1,A,-,08,22107,,N,E,I,A,A,H,-,A,D,0,,,,,Y,,A,07,0,1,1,0,0,0,0,0,0,"- ","- ",41.623359680175781,-122.52961730957031,SISKIYOU,UNINCORPORATED,-122.52980804443359,41.62255859375
91036890,2019,2019-07-24,9145,2019-07-12,1000,018619,,5,1,9,4700,0,3,5,,2,005,"CREST LN","AGER BESWICK RD",2640.00,W,N,A,-,N,,,,,,,,,,Y,4,0,1,2,A,-,05,21650,,N,A,C,A,A,H,-,A,D,0,,,,,Y,,A,01,0,0,1,0,0,0,0,0,0,"- ","- ",41.927871704101562,-122.37232971191406,SISKIYOU,UNINCORPORATED,-122.37361145019531,41.928134918212891
91042638,2019,2019-07-31,9145,2019-07-21,1825,019614,,7,2,9,4700,0,1,3,,1,012,"SR-96 W/B","CLEAR CREEK RD",350.00,W,N,A,-,Y,,,96,,,,,,W,Y,3,0,1,1,A,-,08,22107,,N,F,A,A,A,H,-,A,D,0,,,,,Y,,A,07,0,1,0,0,0,0,0,0,0,"- ","- ",41.688838958740234,-123.44213104248047,SISKIYOU,UNINCORPORATED,-123.44213104248047,41.688838958740234
91043054,2019,2019-07-31,9145,2019-07-25,1410,018124,,4,2,9,4700,0,3,5,,2,004,"MATHEWS RD","PICARD RD",0.00,,Y,A,-,N,,,,,,,,,,Y,4,0,2,1,A,-,12,22450,A,N,E,I,A,A,H,-,A,A,0,,,,,Y,,D,22,0,0,2,0,0,0,0,0,0,"- ","- ",41.966560363769531,-121.95757293701172,SISKIYOU,UNINCORPORATED,-121.95754241943359,41.966560363769531
91044075,2019,2019-08-02,9145,2019-07-20,1745,013713,,6,2,9,4700,0,1,3,,1,011,SR-96,"WALKER CREEK RD",7392.00,E,N,A,-,Y,,,96,,,,,,,Y,4,0,1,1,A,-,01,23152,A,N,E,I,A,A,H,-,A,D,0,,,,,Y,Y,A,01,0,0,1,0,0,0,0,0,0,"- ","- ",41.827899932861328,-123.14576721191406,SISKIYOU,UNINCORPORATED,-123.14574432373047,41.827976226806641
91044512,2019,2019-08-02,9145,2019-07-26,2240,018254,,5,3,9,4700,0,3,5,,2,008,"HILL ROAD","EAST WEST ROAD",3696.00,S,N,A,-,N,,,,,,,,,,Y,4,0,1,1,A,-,08,22107,,N,E,I,A,A,H,-,D,D,0,,,,,Y,,D,22,0,0,1,0,0,0,0,0,0,"- ","- ",41.943069458007812,-121.56463623046875,SISKIYOU,UNINCORPORATED,-121.56458282470703,41.9434814453125
91047678,2019,2019-08-08,9146,2019-08-06,2049,018347,,2,2,9,4700,0,1,3,,1,021,SR-89,"S. MT. SHASTA BLVD.",3696.00,S,N,A,-,Y,,,89,,,,,,,Y,4,0,1,1,C,-,18,,,N,H,H,A,A,H,-,D,D,0,,,,,Y,,-,"- ",0,0,1,0,0,0,0,0,0,"- ","- ",41.288650512695312,-122.28067016601562,SISKIYOU,UNINCORPORATED,-122.28067016601562,41.288669586181641
91050022,2019,2019-08-12,9145,2019-08-06,0240,021593,,2,3,9,4700,0,2,4,,1,032,"OLD HIGHWAY 99","GAZELLE CALLAHAN RD",8976.00,S,N,A,-,Y,,,,,,,,,,Y,4,0,1,1,A,-,08,22107,,N,E,I,A,A,H,-,D,D,0,,,,,Y,,A,01,0,0,1,0,0,0,0,0,0,"- ","- ",41.496860504150391,-122.51241302490234,SISKIYOU,UNINCORPORATED,-122.51252746582031,41.4971923828125
91052537,2019,2019-08-15,9145,2019-08-06,0120,018604,,2,3,9,4700,0,3,5,,2,005,"AGER ROAD","BLACK MOUNTAIN ROAD",16.00,S,N,A,-,N,,,,,,,,,,Y,3,0,1,1,A,-,03,22350,,N,E,I,A,A,H,-,C,D,0,,,,,Y,,D,22,0,1,0,0,0,0,0,0,0,"- ","- ",41.868499755859375,-122.47049713134766,SISKIYOU,UNINCORPORATED,-122.47036743164062,41.868587493896484
91055470,2019,2019-08-20,9145,2019-08-19,1245,017835,,1,1,9,4700,0,2,4,,1,051,"AGER RD.","SHELLEY RD",0.00,,Y,A,-,N,,,,,,,,,,N,3,0,2,2,A,-,09,21802,A,N,D,C,A,A,H,-,A,D,0,,,,,Y,,A,01,0,2,0,0,0,0,0,0,0,"- ","- ",41.771511077880859,-122.52481079101562,SISKIYOU,UNINCORPORATED,-122.52478790283203,41.771411895751953
91055855,2019,2019-08-20,9145,2019-08-14,1309,020647,,3,1,9,4700,0,2,4,,1,034,"BIG SPRINGS ROAD","SELDOM SEEN RANCH RD",5808.00,N,N,A,-,N,,,,,,,,,,Y,3,0,1,1,A,-,08,22107,,N,F,A,A,A,H,-,A,D,0,,,,,Y,,A,01,0,1,0,0,0,0,0,0,0,"- ","- ",41.565868377685547,-122.38648986816406,SISKIYOU,UNINCORPORATED,-122.38642883300781,41.565685272216797
91060737,2019,2019-08-27,9145,2019-08-26,1040,014553,,1,1,9,4700,0,2,4,,1,032,"OLD HIGHWAY 99","STEWART SPRINGS RD.",16368.00,N,N,A,-,N,,,,,,,,,,N,4,0,1,2,A,-,03,22350,,N,C,C,A,A,H,-,A,D,0,,,,,Y,,A,01,0,0,1,0,0,0,0,0,0,"- ","- ",41.474319458007812,-122.48326110839844,SISKIYOU,UNINCORPORATED,-122.48360443115234,41.474563598632812
91062786,2019,2019-08-29,9146,2019-08-22,0930,015588,,4,1,9,4700,0,2,4,,1,015,"S. OLD STAGE RD.","IRENE LN.",70.00,N,N,A,-,N,,,,,,,,,,N,3,0,1,2,A,-,05,21650,,N,D,G,A,A,H,-,A,D,0,,Y,,,Y,,L,04,0,1,0,0,0,0,1,0,0,"- ","- ",41.284671783447266,-122.31017303466797,SISKIYOU,UNINCORPORATED,-122.31023406982422,41.284702301025391
91065593,2019,2019-09-03,9145,2019-08-23,2120,018726,,5,2,9,4700,0,3,5,,2,002,"EASTSIDE RAOD","HORN LANE",587.00,N,N,A,-,N,,,,,,,,,,Y,3,0,1,1,A,-,01,23152,A,N,E,I,A,A,H,-,D,D,0,,,,,Y,Y,A,01,0,1,0,0,0,0,0,0,0,"- ","- ",41.459110260009766,-122.84774017333984,SISKIYOU,UNINCORPORATED,-122.84770965576172,41.459098815917969
91066239,2019,2019-09-03,9145,2019-08-30,0655,016857,,5,1,9,4700,0,1,1,,2,073,"I-5 N/B","LOUIE RD",11933.00,S,N,A,-,Y,,,5,,,,,,N,Y,3,0,1,1,A,-,08,22107,,N,E,I,A,A,H,-,A,D,0,,,,,Y,,A,01,0,1,0,0,0,0,0,0,0,"- ","- ",41.52130126953125,-122.4742431640625,SISKIYOU,UNINCORPORATED,-122.47410583496094,41.521347045898438
91066779,2019,2019-09-04,9145,2019-08-29,1925,018398,,4,2,9,4700,0,3,5,,2,005,"GREENHORN ROAD","DOUGLAS LANE",26400.00,W,N,B,C,N,,,,,,,,,,Y,3,0,1,1,A,-,08,22107,,N,F,A,A,B,H,-,A,D,0,,,,Y,Y,,G,25,0,1,0,0,0,0,0,0,0,"- ","- ",41.723011016845703,-122.76419067382812,SISKIYOU,UNINCORPORATED,-122.74665069580078,41.723270416259766
91066795,2019,2019-09-04,9145,2019-08-23,2030,013713,,5,2,9,4700,0,3,5,,2,001,"ELK CREEK ROAD","CURLY JACK RD",3168.00,S,N,A,-,N,,,,,,,,,,Y,4,0,1,1,A,-,01,23152,A,N,F,A,A,A,H,-,D,D,0,,,,,Y,Y,D,22,0,0,1,0,0,0,0,0,0,"- ","- ",41.780780792236328,-123.38661193847656,SISKIYOU,UNINCORPORATED,-123.38636779785156,41.780662536621094
91071789,2019,2019-09-10,9145,2019-08-30,1945,013713,,5,2,2,4709,0,1,3,,1,012,SR-96,"LITTLE NIAGARA CREEK",792.00,E,N,A,-,Y,,,,,,,,,,Y,2,0,1,1,A,-,03,22350,,N,F,A,A,A,H,-,B,A,0,,,Y,,Y,,C,02,1,0,0,0,0,0,0,0,1,"- ","- ",41.763519287109375,-123.40001678466797,SISKIYOU,YREKA,,
91079335,2019,2019-09-20,9145,2019-09-10,0730,015241,,2,1,9,4700,0,3,5,,2,004,"PICARD RD","TRIANGLE ST",3696.00,W,N,A,-,N,,,,,,,,,,Y,3,0,2,2,A,-,09,21801,A,N,D,C,A,A,H,-,A,D,0,,,,,Y,,D,22,0,2,0,0,0,0,0,0,0,"- ","- ",41.966670989990234,-121.94216918945312,SISKIYOU,UNINCORPORATED,-121.94023895263672,41.966705322265625
91083301,2019,2019-09-25,9145,2019-09-14,2210,016040,,6,3,9,4700,0,3,5,,2,002,"QUARTZ VALLEY RD","ORO FINO RD",4752.00,W,N,A,-,N,,,,,,,,,,Y,3,0,1,1,A,-,01,23152,A,N,F,A,A,A,H,-,D,D,0,,,Y,,Y,Y,C,06,0,1,0,0,0,0,0,0,1,"- ","- ",41.569301605224609,-122.94008636474609,SISKIYOU,UNINCORPORATED,-122.93889617919922,41.568443298339844
91083331,2019,2019-10-31,9145,2019-09-13,0030,018254,,5,3,9,4700,0,3,5,,2,004,"PICARD ROAD","MATHEWS ROAD",6864.00,E,N,A,-,N,,,,,,,,,,Y,2,0,1,1,A,-,03,22350,,N,H,J,A,A,H,-,D,D,0,,,,,Y,,D,22,1,0,0,0,0,0,0,0,0,"- ","- ",41.966751098632812,-121.94019317626953,SISKIYOU,UNINCORPORATED,-121.93229675292969,41.966838836669922