CASE_ID,ACCIDENT_YEAR,PROC_DATE,JURIS,COLLISION_DATE,COLLISION_TIME,OFFICER_ID,REPORTING_DISTRICT,DAY_OF_WEEK,CHP_SHIFT,POPULATION,CNTY_CITY_LOC,SPECIAL_COND,BEAT_TYPE,CHP_BEAT_TYPE,CITY_DIVISION_LAPD,CHP_BEAT_CLASS,BEAT_NUMBER,PRIMARY_RD,SECONDARY_RD,DISTANCE,DIRECTION,INTERSECTION,WEATHER_1,WEATHER_2,STATE_HWY_IND,CALTRANS_COUNTY,CALTRANS_DISTRICT,STATE_ROUTE,ROUTE_SUFFIX,POSTMILE_PREFIX,POSTMILE,LOCATION_TYPE,RAMP_INTERSECTION,SIDE_OF_HWY,TOW_AWAY,COLLISION_SEVERITY,NUMBER_KILLED,NUMBER_INJURED,PARTY_COUNT,PRIMARY_COLL_FACTOR,PCF_CODE_OF_VIOL,PCF_VIOL_CATEGORY,PCF_VIOLATION,PCF_VIOL_SUBSECTION,HIT_AND_RUN,TYPE_OF_COLLISION,MVIW,PED_ACTION,ROAD_SURFACE,ROAD_COND_1,ROAD_COND_2,LIGHTING,CONTROL_DEVICE,CHP_ROAD_TYPE,PEDESTRIAN_ACCIDENT,BICYCLE_ACCIDENT,MOTORCYCLE_ACCIDENT,TRUCK_ACCIDENT,NOT_PRIVATE_PROPERTY,ALCOHOL_INVOLVED,STWD_VEHTYPE_AT_FAULT,CHP_VEHTYPE_AT_FAULT,COUNT_SEVERE_INJ,COUNT_VISIBLE_INJ,COUNT_COMPLAINT_PAIN,COUNT_PED_KILLED,COUNT_PED_INJURED,COUNT_BICYCLIST_KILLED,COUNT_BICYCLIST_INJURED,COUNT_MC_KILLED,COUNT_MC_INJURED,PRIMARY_RAMP,SECONDARY_RAMP,LATITUDE,LONGITUDE,COUNTY,CITY,POINT_X,POINT_Y
91520909,2021,2021-07-15,9146,2021-07-11,1840,019230,,7,2,9,4700,0,1,3,,1,022,SR-89,"VISTA POINT",1056.00,N,N,A,-,Y,,,89,,,,,,,Y,3,0,1,1,C,-,18,,,N,H,H,A,A,H,-,A,D,0,,,,,Y,,-,"- ",0,1,0,0,0,0,0,0,0,"- ","- ",41.260608673095703,-121.96417236328125,SISKIYOU,UNINCORPORATED,-121.96417236328125,41.260601043701172
91523544,2021,2021-07-19,9145,2021-07-14,1335,017835,,3,1,9,4700,0,3,5,,2,005,"YREKA AGER RD","PHEASANT LN",5808.00,S,N,A,-,N,,,,,,,,,,Y,3,0,1,2,A,-,08,22107,,N,B,C,A,A,H,-,A,D,0,,,,,Y,,A,01,0,1,0,0,0,0,0,0,0,"- ","- ",41.756198883056641,-122.56600189208984,SISKIYOU,UNINCORPORATED,-122.52464294433594,41.744285583496094
91527675,2021,2021-07-30,9145,2021-06-29,0045,018604,,2,3,9,4700,0,1,1,,2,072,"S/B I-5","KILLGORE HILLS RD",1618.00,N,N,A,-,Y,,,5,,,,,,,Y,3,0,1,3,A,-,03,22350,,N,C,C,A,A,H,-,D,D,0,,,,Y,Y,Y,F,25,0,1,0,0,0,0,0,0,0,"- ","- ",41.67041015625,-122.61502838134766,SISKIYOU,UNINCORPORATED,-122.61501312255859,41.670440673828125
91529143,2021,2021-07-26,9145,2021-07-19,1500,021333,,1,2,9,4700,0,1,3,,1,060,SR-263,"OLD SHASTA RIVER RD",6336.00,N,N,A,-,Y,,,263,,,,,,,N,4,0,1,1,A,-,08,22107,,N,E,I,A,A,H,-,A,D,0,,,,,Y,,A,01,0,0,1,0,0,0,0,0,0,"- ","- ",41.789989471435547,-122.60523986816406,SISKIYOU,UNINCORPORATED,-122.60521697998047,41.7900390625
91531707,2021,2021-07-29,9145,2021-07-25,0355,018124,,7,3,9,4700,0,1,2,,1,043,US-97,"MOUNT SHASTA VISTA POINT",1056.00,N,N,A,-,Y,,,97,,,,,,,Y,4,0,2,1,C,-,18,,,N,H,H,A,A,H,-,D,D,0,,,,,Y,,-,"- ",0,0,2,0,0,0,0,0,0,"- ","- ",41.621288299560547,-122.19999694824219,SISKIYOU,UNINCORPORATED,-122.19995880126953,41.621269226074219
91531758,2021,2021-07-29,9145,2021-07-27,1135,016580,,2,1,9,4700,0,1,1,,2,072,"N/B I-5","LOUIE RD.",11299.00,S,N,B,-,Y,,,5,,,,,,,Y,4,0,1,2,A,-,03,22350,,N,C,C,A,A,H,-,A,D,0,,,,,Y,,D,22,0,0,1,0,0,0,0,0,0,"- ","- ",41.522178649902344,-122.47431945800781,SISKIYOU,UNINCORPORATED,-122.47440338134766,41.522144317626953
91539969,2021,2021-08-09,9145,2021-07-29,1900,020700,,4,2,9,4700,0,1,1,,2,070,"INTERSTATE-5 NORTHBOUND","HILT ROAD",5808.00,S,N,A,-,Y,,,5,,,,,,N,Y,3,0,1,2,A,-,03,22350,,N,C,C,A,A,H,-,A,A,0,,,,Y,Y,,A,01,0,1,0,0,0,0,0,0,0,"- ","- ",41.976741790771484,-122.60453796386719,SISKIYOU,UNINCORPORATED,-122.60469818115234,41.976699829101562
91547222,2021,2021-08-17,9145,2021-08-12,0912,014553,,4,1,9,4700,0,1,3,,1,062,SR-3,"EASTMAN LANE",2112.00,S,N,A,-,Y,,,3,,,,,,,Y,3,0,2,1,A,-,08,22107,,N,E,I,A,A,H,-,A,D,0,,,,,Y,,A,08,0,2,0,0,0,0,0,0,0,"- ","- ",41.684181213378906,-122.66819000244141,SISKIYOU,UNINCORPORATED,-122.66817474365234,41.684158325195312
91555346,2021,2021-08-26,9146,2021-08-15,1325,015592,,7,1,9,4700,0,1,3,,1,021,"STATE ROUTE 89","BROADWAY AVENUE",800.00,S,N,A,-,Y,,,89,,,,,,,Y,2,0,2,1,A,-,08,22107,,N,E,I,A,A,H,-,A,D,0,,,,,Y,,A,07,1,1,0,0,0,0,0,0,0,"- ","- ",41.250938415527344,-122.13330078125,SISKIYOU,UNINCORPORATED,-122.13329315185547,41.251056671142578
91564492,2021,2021-09-07,9145,2021-08-28,1607,018151,,6,2,9,4700,0,1,1,,2,072,"INTERSTATE 5","LOUIE RD",15312.00,N,N,A,-,Y,,,5,,,,,,,Y,3,0,2,1,A,-,08,22107,,N,F,A,A,A,H,-,A,D,0,,,,,Y,,D,22,0,1,1,0,0,0,0,0,0,"- ","- ",41.5902099609375,-122.50289154052734,SISKIYOU,UNINCORPORATED,-122.50257110595703,41.590274810791016
91573543,2021,2021-09-17,9146,2021-09-11,0434,020811,,6,3,2,4708,0,1,1,,2,010,"I-5 N/B","S. WEED BLVD.",80.00,S,N,A,-,Y,,,5,,,,,,N,Y,3,0,1,1,A,-,08,22107,,N,E,8,A,A,H,-,D,D,0,,,,,Y,,A,07,0,1,0,0,0,0,0,0,0,"- ","- ",41.418048858642578,-122.38320159912109,SISKIYOU,WEED,-122.38320922851562,41.418045043945312
91577645,2021,2021-09-23,9145,2021-09-12,0320,020819,,7,3,9,4700,0,3,5,,2,003,"NORTH OLD STAGE RD","OLD HIGHWAY 99",0.00,,Y,A,-,N,,,,,,,,,,Y,2,0,1,1,A,-,01,23152,A,N,E,I,A,A,H,-,D,A,0,,,,,Y,Y,A,01,1,0,0,0,0,0,0,0,0,"- ","- ",41.440719604492188,-122.43512725830078,SISKIYOU,UNINCORPORATED,-121.91961669921875,41.971660614013672
91584274,2021,2021-09-30,9145,2021-09-20,1444,018619,,1,2,9,4700,0,1,3,,1,061,"RT 96","KLAMATHON RD",2640.00,S,N,A,-,Y,,,96,,,,,,,Y,2,0,2,2,A,-,05,21460,A,N,A,C,A,A,H,-,A,D,0,,,,,Y,,D,22,1,1,0,0,0,0,0,0,0,"- ","- ",41.847938537597656,-122.5712890625,SISKIYOU,UNINCORPORATED,-122.57141876220703,41.84796142578125
91588406,2021,2021-10-05,9145,2021-08-23,0630,016580,,1,1,9,4700,0,1,1,,2,072,"S/B I-5","LOUIE RD.",14045.00,N,N,A,-,Y,,,5,,,,,,,Y,1,1,0,1,A,-,08,22107,,N,F,A,A,A,H,-,A,D,0,,,,,Y,,D,22,0,0,0,0,0,0,0,0,0,"- ","- ",41.589420318603516,-122.50231170654297,SISKIYOU,UNINCORPORATED,-122.50244140625,41.589405059814453
91593557,2021,2021-10-11,9146,2021-10-02,1253,015873,,6,1,9,4700,0,1,3,,1,022,SR-89,"HARRIS SPRINGS RD.",3168.00,N,N,A,-,Y,,,89,,,,,,,Y,3,0,3,3,A,-,05,21460,A,N,A,2,A,A,H,-,A,D,0,,,,,Y,,D,22,0,1,2,0,0,0,0,0,0,"- ","- ",41.256999969482422,-121.83442687988281,SISKIYOU,UNINCORPORATED,-121.83441925048828,41.257034301757812
91593573,2021,2021-10-11,9146,2021-10-02,0900,020593,,6,1,9,4700,0,3,5,,2,001,"I-5 NORTHBOUND TO LAKE STREET","LAKE STREET",10.00,S,N,A,-,Y,,,5,,,,R,,N,Y,3,0,1,2,A,-,03,22350,,N,C,C,A,A,H,-,A,A,0,,,,,Y,,D,22,0,1,0,0,0,0,0,0,0,"- ","- ",41.310619354248047,-122.31829833984375,SISKIYOU,UNINCORPORATED,-122.31829833984375,41.310619354248047
91595126,2021,2021-10-13,9145,2021-10-08,1620,018619,,5,2,9,4700,0,1,1,,2,073,"I-5 S/B","EDGEWOOD RD",7920.00,N,N,B,-,Y,,,5,,,,,,S,Y,4,0,1,2,A,-,07,21658,A,N,B,C,A,A,H,-,A,D,0,,,,Y,Y,,A,01,0,0,1,0,0,0,0,0,0,"- ","- ",41.462261199951172,-122.44683837890625,SISKIYOU,UNINCORPORATED,-122.44694519042969,41.462223052978516
91597867,2021,2021-10-15,9145,2021-09-13,1220,016857,,1,1,9,4700,0,1,1,,2,070,"I-5 N/B","ANDERSON GRADE ROAD",1218.00,N,N,A,-,Y,,,5,,,,,,N,Y,1,1,2,2,A,-,05,21651,B,N,A,C,A,A,H,-,A,A,0,,,,Y,Y,,A,01,2,0,0,0,0,0,0,0,0,"- ","- ",41.858169555664062,-122.57074737548828,SISKIYOU,UNINCORPORATED,-122.57074737548828,41.858169555664062
91603819,2021,2021-10-22,9146,2021-10-20,1328,017955,,3,1,9,4700,0,2,4,,2,016,"EVERITT MEMORIAL HIGHWAY","BLACK BUTTE LOOKOUT DR.",989.00,S,N,B,-,N,,,,,,,,,,N,4,0,1,1,A,-,08,22107,,N,E,I,A,B,H,-,A,D,0,,,,,Y,,D,22,0,0,1,0,0,0,0,0,0,"- ","- ",,,SISKIYOU,UNINCORPORATED,-122.31366729736328,41.346225738525391
91605047,2021,2021-10-25,9145,2021-10-19,1450,018151,,2,2,9,4700,0,3,5,,2,003,"HARRY CASH RD","HART RD",13728.00,S,N,B,-,N,,,,,,,,,,Y,2,0,1,1,A,-,08,22107,,N,E,I,A,A,H,-,A,D,0,,,,,Y,,D,22,1,0,0,0,0,0,0,0,0,"- ","- ",41.634201049804688,-122.33747100830078,SISKIYOU,UNINCORPORATED,-122.33772277832031,41.634365081787109
91605838,2021,2021-10-25,9145,2021-10-19,1600,019614,,2,2,9,4700,0,1,3,,1,013,"SR-96 E/B","TI BAR ROAD",3696.00,W,N,B,C,Y,,,96,,,,,,E,N,4,0,2,1,A,-,08,22107,,N,E,I,A,B,H,-,A,D,0,,,,,Y,,D,22,0,0,2,0,0,0,0,0,0,"- ","- ",41.516639709472656,-123.52926635742188,SISKIYOU,UNINCORPORATED,-123.52913665771484,41.516605377197266
91608076,2021,2021-10-27,9146,2021-10-23,1950,020647,,6,2,9,4700,0,1,1,,2,011,"I-5 SOUTHBOUND","MOTT AIRPORT ROAD",1056.00,N,N,C,-,Y,,,5,,,,,,S,Y,4,0,1,1,A,-,03,22350,,N,E,I,A,B,H,-,D,D,0,,,,,Y,,A,07,0,0,1,0,0,0,0,0,0,"- ","- ",41.259719848632812,-122.27355194091797,SISKIYOU,UNINCORPORATED,-122.27342987060547,41.259803771972656
91611889,2021,2021-11-01,9145,2021-10-18,0054,021333,,1,3,9,4700,0,2,4,,1,037,"SHASTA VISTA DRIVE","COUNTY ROAD A-12",165.00,S,N,C,-,N,,,,,,,,,,Y,2,0,3,1,A,-,03,22350,,N,E,I,A,B,H,-,D,A,0,,,,,Y,,A,07,2,1,0,0,0,0,0,0,0,"- ","- ",41.579570770263672,-122.28816986083984,SISKIYOU,UNINCORPORATED,-122.28836822509766,41.579593658447266
91620583,2021,2021-11-09,9145,2021-10-29,0920,016857,,5,1,9,4700,0,3,5,,2,003,"MONTAGUE GRENADA RD","FREEMAN RD.",6336.00,S,N,E,-,N,,,,,,,,,,Y,4,0,1,2,A,-,21,22106,,N,D,C,A,A,H,-,A,D,0,,,,,Y,,A,01,0,0,1,0,0,0,0,0,0,"- ","- ",41.667171478271484,-122.52275085449219,SISKIYOU,UNINCORPORATED,-122.52306365966797,41.667942047119141
91621428,2021,2021-11-10,9145,2021-10-31,2205,021593,,7,3,9,4700,0,1,3,,1,022,"RT 3","FAY LN",8976.00,S,N,B,-,Y,,,,,,,,,,Y,4,0,1,3,A,-,01,23152,A,N,C,E,A,B,G,-,D,D,0,,,,,Y,Y,A,07,0,0,1,0,0,0,0,0,0,"- ","- ",41.372711181640625,-122.88320922851562,SISKIYOU,UNINCORPORATED,-122.83319091796875,41.372913360595703
91621429,2021,2021-11-10,9145,2021-11-02,1710,020700,,2,2,9,4700,0,1,3,,1,061,SR-96,"DUTCH CREEK ROAD",12144.00,W,N,B,-,Y,,,96,,,,,,,Y,2,0,1,2,A,-,01,23152,A,N,A,C,A,A,H,-,A,D,0,,,,,Y,Y,D,22,1,0,0,0,0,0,0,0,0,"- ","- ",41.856781005859375,-122.76277923583984,SISKIYOU,UNINCORPORATED,-122.76275634765625,41.856735229492188
91627098,2021,2021-11-17,9145,2021-11-08,0900,016040,,1,1,9,4700,0,2,4,,1,023,"SCOTT RIVER RD","INDIAN CREEK RD",1584.00,E,N,B,-,N,,,,,,,,,,Y,3,0,1,3,A,-,08,22107,,N,G,E,E,A,H,-,A,D,0,Y,,,,Y,,D,22,0,1,0,0,1,0,0,0,0,"- ","- ",41.626018524169922,-122.868408203125,SISKIYOU,UNINCORPORATED,-122.86804962158203,41.625831604003906
91633691,2021,2021-11-23,9145,2021-11-19,0020,020700,,5,3,9,4700,0,1,1,,2,073,"I-5 SOUTHBOUND","LOUIE ROAD",3696.00,S,N,B,C,Y,,,5,,,,,,S,Y,4,0,1,2,A,-,03,22350,,N,C,2,A,B,H,-,D,D,0,,,,Y,Y,,G,25,0,0,1,0,0,0,0,0,0,"- ","- ",41.543170928955078,-122.48153686523438,SISKIYOU,UNINCORPORATED,-122.48232269287109,41.542896270751953
91633710,2021,2021-11-30,9145,2021-11-20,0335,014553,,6,3,9,4700,0,3,5,,2,006,"GREENHORN RD","BENNETT RD",109.00,E,N,A,-,N,,,,,,,,,,Y,3,0,1,1,A,-,08,22107,,N,E,I,A,A,H,-,D,D,0,,,,,Y,,D,22,0,1,0,0,0,0,0,0,0,"- ","- ",41.714691162109375,-122.65772247314453,SISKIYOU,UNINCORPORATED,-122.65763092041016,41.714691162109375
91633719,2021,2021-11-23,9145,2021-10-12,1225,016857,,2,1,9,4700,0,1,1,,2,072,"I-5 S/B","JULIEN CREEK",3749.00,N,N,A,-,Y,,,5,,,,,,S,Y,1,1,0,1,A,-,08,22107,,N,F,A,A,A,H,-,A,D,0,,,,,Y,,A,07,0,0,0,0,0,0,0,0,0,"- ","- ",41.661048889160156,-122.58135223388672,SISKIYOU,UNINCORPORATED,-122.58136749267578,41.660728454589844
91634870,2021,2021-11-24,9145,2021-11-15,1745,019614,,1,2,9,4700,0,1,3,,1,011,"SR-96 E/B","LADD ROAD",1584.00,E,N,C,-,Y,,,96,,,,,,E,Y,2,0,1,1,A,-,01,23152,A,N,E,I,A,B,H,-,D,D,0,,,,,Y,Y,A,07,1,0,0,0,0,0,0,0,0,"- ","- ",41.835231781005859,-123.18379211425781,SISKIYOU,UNINCORPORATED,-123.18381500244141,41.835170745849609
91640139,2021,2021-12-01,9146,2021-11-23,1225,014814,,2,1,2,4708,0,1,1,,2,010,"I-5 S/B","SOUTH WEED U/C",760.00,S,N,B,-,Y,,,5,,,,,,S,Y,3,0,1,1,A,-,08,22107,,N,F,A,A,A,H,-,A,D,0,,,,,Y,,A,07,0,1,0,0,0,0,0,0,0,"- ","- ",41.394210815429688,-122.37766265869141,SISKIYOU,WEED,-122.37774658203125,41.394126892089844
91640688,2021,2021-12-02,9146,2021-11-20,0750,019711,,6,1,9,4700,0,1,S,,2,702,SR-89,"BIG CANYON DR.",1148.00,N,N,A,-,Y,,,89,,,,,,,N,4,0,1,1,A,-,03,22350,,N,E,I,A,C,H,-,B,D,0,,,,,Y,,A,07,0,0,1,0,0,0,0,0,0,"- ","- ",41.285331726074219,-122.30140686035156,SISKIYOU,UNINCORPORATED,-122.30139923095703,41.285308837890625
91646599,2021,2021-12-08,9145,2021-11-27,2500,021333,,6,4,9,4700,0,1,3,,1,022,"STATE ROUTE 3","WILDCAT CREEK RD",1584.00,S,N,A,-,Y,,,3,,,,,,,Y,2,0,1,1,A,-,01,23152,A,N,E,I,A,A,H,-,D,D,0,,,,,Y,Y,A,07,1,0,0,0,0,0,0,0,0,"- ","- ",41.318878173828125,-122.80962371826172,SISKIYOU,UNINCORPORATED,-122.80967712402344,41.318862915039062
91647624,2021,2021-12-09,9145,2021-12-05,0300,021199,,7,3,9,4700,0,1,3,,1,020,"STATE ROUTE 3","PEACH ORCHARD RD",2055.00,N,N,A,-,Y,,,3,,,,,,,Y,3,0,1,1,A,-,01,23152,A,N,E,I,A,A,H,-,D,D,0,,,,,Y,Y,A,01,0,1,0,0,0,0,0,0,0,"- ","- ",41.642391204833984,-122.74851989746094,SISKIYOU,UNINCORPORATED,-122.74855804443359,41.642402648925781
91650178,2021,2021-12-13,9145,2021-12-03,0828,018124,,5,1,9,4700,0,3,5,,2,004,"USFS 44N01","USFS 44N05",42240.00,N,N,A,-,N,,,,,,,,,,Y,4,0,1,1,A,-,08,22107,,N,E,I,A,A,H,-,A,D,0,,,,,Y,,D,22,0,0,1,0,0,0,0,0,0,"- ","- ",41.678298950195312,-121.62574005126953,SISKIYOU,UNINCORPORATED,-121.67861938476562,41.656410217285156
91658898,2021,2021-12-22,9145,2021-12-19,0250,018210,,7,3,9,4700,0,1,2,,1,043,"UNITED STATES HIGHWAY 97","JEROME ROAD",6336.00,S,N,C,D,Y,,,97,,,,,,,Y,3,0,3,1,A,-,03,22350,,N,F,A,A,C,H,-,D,D,0,,,,,Y,,D,22,0,2,1,0,0,0,0,0,0,"- ","- ",41.742710113525391,-122.06307983398438,SISKIYOU,UNINCORPORATED,-122.06312561035156,41.742691040039062
91659024,2021,2021-12-22,9145,2021-12-15,1230,016580,,3,1,9,4700,0,1,3,,1,022,"HORN LANE",SR-3,581.00,E,N,D,-,N,,,,,,,,,,Y,2,0,2,1,A,-,08,22107,,N,E,I,A,C,H,-,A,D,0,,,,,Y,,A,01,1,0,1,0,0,0,0,0,0,"- ","- ",41.456211090087891,-122.86984252929688,SISKIYOU,UNINCORPORATED,-122.86988067626953,41.456161499023438
91665430,2021,2021-12-29,9145,2021-12-24,2045,021333,,5,2,9,4700,0,3,5,,2,005,"AGER RD","YREKA AGER RD",2640.00,N,N,D,-,N,,,,,,,,,,Y,4,0,1,2,A,-,05,21650,,N,D,C,A,C,G,-,D,D,0,,,,,Y,,A,01,0,0,1,0,0,0,0,0,0,"- ","- ",41.782768249511719,-122.51933288574219,SISKIYOU,UNINCORPORATED,-122.52256774902344,41.778274536132812
91666514,2021,2021-12-30,9145,2021-12-25,2130,021593,,6,2,9,4700,0,1,3,,1,021,SR-3,"HOWELL AVE",3696.00,N,N,D,-,Y,,,3,,,,,,,Y,2,0,1,1,A,-,08,22107,,N,E,I,A,C,H,-,D,D,0,,,,,Y,,A,07,1,0,0,0,0,0,0,0,0,"- ","- ",41.473110198974609,-122.89975738525391,SISKIYOU,UNINCORPORATED,-122.89972686767578,41.473117828369141
91666821,2021,2021-12-30,9145,2021-06-28,2136,018817,,1,2,9,4700,0,1,3,,1,081,SR-139,"OSBORNE RD",2112.00,S,N,A,F,Y,,,,,,,,,,Y,1,2,1,5,A,-,01,23152,A,N,G,2,E,A,G,-,D,D,0,Y,,,Y,Y,Y,G,25,0,1,0,0,1,0,0,0,0,"- ","- ",41.949031829833984,-122.46460723876953,SISKIYOU,UNINCORPORATED,-121.46495819091797,41.949405670166016
91668704,2021,2022-01-03,9145,2021-12-20,0000,020819,,1,3,9,4700,0,1,3,,1,060,"SR-263 S/B","DRY GULCH",2218.00,S,N,B,-,Y,,,263,,,,,,S,Y,2,0,1,1,A,-,08,22107,,N,F,0,A,A,B,-,D,D,0,,,,,Y,,D,22,1,0,0,0,0,0,0,0,0,"- ","- ",41.797199249267578,-122.60334777832031,SISKIYOU,UNINCORPORATED,-122.60335540771484,41.797206878662109
91669180,2021,2022-01-04,9145,2021-12-28,0755,016580,,2,1,9,4700,0,1,1,,2,072,I-5,A12,7339.00,S,N,D,-,Y,,,5,,,,,,,Y,2,0,2,1,A,-,08,22107,,N,E,I,A,C,H,-,A,D,0,,,,,Y,,D,22,1,1,0,0,0,0,0,0,0,"- ","- ",41.628349304199219,-122.52217102050781,SISKIYOU,UNINCORPORATED,-122.52217864990234,41.628345489501953
91669656,2021,2022-01-04,9146,2021-12-26,1259,015592,,7,1,9,4700,0,1,1,,2,011,"INTERSTATE 5 SOUTHBOUND","MOTT ROAD",2640.00,N,N,D,-,Y,,,5,,,,,,S,Y,3,0,2,1,A,-,03,22350,,N,F,A,A,B,H,-,A,D,0,,,,,Y,,A,01,0,2,0,0,0,0,0,0,0,"- ","- ",41.268840789794922,-122.27787017822266,SISKIYOU,UNINCORPORATED,-122.27802276611328,41.268730163574219
91673709,2021,2022-01-07,9146,2021-12-28,0911,015592,,2,1,9,4700,0,1,1,,2,011,"INTERSTATE 5 SOUTHBOUND","REAM AVENUE",462.00,N,N,D,-,Y,,,5,,,,,,S,Y,3,0,1,3,A,-,03,22350,,N,C,C,A,C,H,-,A,D,0,,,,Y,Y,,G,25,0,1,0,0,0,0,0,0,0,"- ","- ",41.300098419189453,-122.31474304199219,SISKIYOU,UNINCORPORATED,-122.3148193359375,41.300056457519531
91675683,2022,2022-01-11,9145,2022-01-03,1100,016580,,1,1,9,4700,0,3,5,,2,001,"SCOTT RIVER RD.","ROXBURY DR",403.00,N,N,C,-,N,,,,,,,,,,N,4,0,2,1,A,-,03,22350,,N,E,I,A,B,H,-,A,D,0,,,,,Y,,A,07,0,0,2,0,0,0,0,0,0,"- ","- ",41.765571594238281,-123.02137756347656,SISKIYOU,UNINCORPORATED,-123.03598022460938,41.776290893554688
91682738,2022,2022-01-21,9146,2022-01-14,2250,019230,,5,3,9,4700,0,3,5,,2,002,"GATEWAY PARK ROAD","BIG CANYON DRIVE",250.00,E,N,A,-,N,,,,,,,,,,Y,3,0,1,1,A,-,01,23152,F,N,E,I,A,A,H,-,D,D,0,,,,,Y,,A,01,0,1,0,0,0,0,0,0,0,"- ","- ",41.287441253662109,-122.29718780517578,SISKIYOU,UNINCORPORATED,-122.29718017578125,41.287288665771484
91684062,2022,2022-01-24,9145,2022-01-14,0305,018124,,5,3,9,4700,0,1,2,,1,041,US-97,"SHEEPY CREEK RD",1584.00,S,N,B,-,Y,SIS,,97,,,52.088,H,,R,Y,3,0,1,1,A,-,03,22350,,N,E,I,A,C,H,-,D,D,0,,,,,Y,,A,01,0,1,0,0,0,0,0,0,0,"- ","- ",41.978359222412109,-121.90731811523438,SISKIYOU,UNINCORPORATED,-121.90737152099609,41.978443145751953
91685542,2021,2022-01-26,9146,2021-12-27,0815,014814,,1,1,9,4700,0,3,5,,2,002,"SOUTH MOUNT SHASTA BLVD",SR-89,10.00,N,N,D,-,N,,,,,,,,,,N,4,0,1,2,A,-,03,22350,,N,C,C,A,C,H,-,A,A,0,,,,,Y,,D,22,0,0,1,0,0,0,0,0,0,"- ","- ",41.287399291992188,-122.29828643798828,SISKIYOU,UNINCORPORATED,-122.29820251464844,41.287372589111328
91685916,2022,2022-01-26,9146,2022-01-17,1438,018675,,1,2,9,4700,0,1,1,,2,010,"I-5 N/B","TRUCK VILLAGE DR.",1584.00,S,N,A,-,Y,SIS,,5,,R,14.998,H,,R,Y,4,0,1,1,A,-,08,22107,,N,E,8,A,A,H,-,A,D,0,,,,,Y,,A,07,0,0,1,0,0,0,0,0,0,"- ","- ",41.364498138427734,-122.36650848388672,SISKIYOU,UNINCORPORATED,-122.36635589599609,41.364593505859375
91695015,2022,2022-02-07,9145,2022-02-02,1535,018726,,3,2,9,4700,0,3,5,,2,002,"NORTH KIDDER CREEK ROAD","MEYERS ROAD",349.00,N,N,A,-,N,,,,,,,,,,Y,2,0,1,1,A,-,08,22107,,N,E,I,A,A,H,-,A,D,0,,,,,Y,,D,22,1,0,0,0,0,0,0,0,0,"- ","- ",41.545879364013672,-122.93559265136719,SISKIYOU,UNINCORPORATED,-122.93562316894531,41.545909881591797
91695102,2022,2022-02-07,9145,2022-02-04,0735,014553,,5,1,9,4700,0,3,5,,2,003,"MONTAGUE GRENADA RD.","COUNTY ROAD A-12",0.00,,Y,A,-,N,,,,,,,,,,Y,3,0,1,1,A,-,03,22350,,N,E,I,A,A,H,-,A,A,0,,,,,Y,,A,01,0,1,0,0,0,0,0,0,0,"- ","- ",41.646980285644531,-122.52052307128906,SISKIYOU,UNINCORPORATED,-122.52046966552734,41.647201538085938
91705094,2022,2022-02-21,9145,2022-02-12,1950,018817,,6,2,9,4700,0,3,5,,2,005,"OBERLIN ROAD","PHILLIPE LN",2640.00,E,N,A,-,N,,,,,,,,,,Y,3,0,1,1,C,-,18,,,N,H,H,A,A,H,-,D,D,0,,,,,Y,,-,"- ",0,1,0,0,0,0,0,0,0,"- ","- ",41.710971832275391,-122.58332061767578,SISKIYOU,UNINCORPORATED,-122.58399200439453,41.710971832275391
91705674,2022,2022-02-22,9145,2022-02-07,2309,018619,,1,3,9,4700,0,1,1,,2,070,"I-5 NORTHBOUND","DITCH CREEK RD",3696.00,N,N,A,-,Y,SIS,,5,,R,63.563,H,,R,Y,1,1,0,1,A,-,08,22107,,N,E,8,A,A,H,-,D,D,0,,,,,Y,,A,01,0,0,0,0,0,0,0,0,0,"- ","- ",41.928050994873047,-122.57981109619141,SISKIYOU,UNINCORPORATED,-122.57971954345703,41.928077697753906