CASE_ID,ACCIDENT_YEAR,PROC_DATE,JURIS,COLLISION_DATE,COLLISION_TIME,OFFICER_ID,REPORTING_DISTRICT,DAY_OF_WEEK,CHP_SHIFT,POPULATION,CNTY_CITY_LOC,SPECIAL_COND,BEAT_TYPE,CHP_BEAT_TYPE,CITY_DIVISION_LAPD,CHP_BEAT_CLASS,BEAT_NUMBER,PRIMARY_RD,SECONDARY_RD,DISTANCE,DIRECTION,INTERSECTION,WEATHER_1,WEATHER_2,STATE_HWY_IND,CALTRANS_COUNTY,CALTRANS_DISTRICT,STATE_ROUTE,ROUTE_SUFFIX,POSTMILE_PREFIX,POSTMILE,LOCATION_TYPE,RAMP_INTERSECTION,SIDE_OF_HWY,TOW_AWAY,COLLISION_SEVERITY,NUMBER_KILLED,NUMBER_INJURED,PARTY_COUNT,PRIMARY_COLL_FACTOR,PCF_CODE_OF_VIOL,PCF_VIOL_CATEGORY,PCF_VIOLATION,PCF_VIOL_SUBSECTION,HIT_AND_RUN,TYPE_OF_COLLISION,MVIW,PED_ACTION,ROAD_SURFACE,ROAD_COND_1,ROAD_COND_2,LIGHTING,CONTROL_DEVICE,CHP_ROAD_TYPE,PEDESTRIAN_ACCIDENT,BICYCLE_ACCIDENT,MOTORCYCLE_ACCIDENT,TRUCK_ACCIDENT,NOT_PRIVATE_PROPERTY,ALCOHOL_INVOLVED,STWD_VEHTYPE_AT_FAULT,CHP_VEHTYPE_AT_FAULT,COUNT_SEVERE_INJ,COUNT_VISIBLE_INJ,COUNT_COMPLAINT_PAIN,COUNT_PED_KILLED,COUNT_PED_INJURED,COUNT_BICYCLIST_KILLED,COUNT_BICYCLIST_INJURED,COUNT_MC_KILLED,COUNT_MC_INJURED,PRIMARY_RAMP,SECONDARY_RAMP,LATITUDE,LONGITUDE,COUNTY,CITY,POINT_X,POINT_Y
91912936,2022,2022-11-08,9146,2022-11-01,1050,014814,,2,1,9,4700,0,1,2,,1,020,US-97,"BIG SPRINGS ROAD",4224.00,N,N,D,-,Y,SIS,,97,,,5.262,H,,R,N,4,0,1,2,A,-,03,22350,,N,C,C,A,C,H,-,A,D,0,,,,Y,Y,,A,07,0,0,1,0,0,0,0,0,0,"- ","- ",41.482151031494141,-122.34308624267578,SISKIYOU,UNINCORPORATED,-122.34308624267578,41.482151031494141
91924676,2022,2022-11-22,9146,2022-11-10,2100,019711,,4,2,9,4700,0,1,1,,2,011,"I-5 S/B","REAM AVE.",1200.00,N,N,A,-,Y,SIS,,5,,R,9.876,H,,L,Y,4,0,2,2,A,-,05,21651,C,N,A,C,A,A,H,-,D,D,0,,,,,Y,,A,01,0,0,2,0,0,0,0,0,0,"- ","- ",41.30194091796875,-122.31587982177734,SISKIYOU,UNINCORPORATED,-122.31585693359375,41.301948547363281
91927969,2022,2022-11-28,9146,2022-11-19,0710,018347,,6,1,9,4700,0,1,1,,2,012,"I-5 N/B","SOUTH DUNSMUIR AVENUE",644.00,S,N,A,-,Y,SIS,,5,,,0.558,H,,R,Y,3,0,3,1,A,-,08,22107,,N,E,8,A,A,H,-,A,D,0,,,,,Y,,A,07,0,1,2,0,0,0,0,0,0,"- ","- ",41.191459655761719,-122.28511810302734,SISKIYOU,UNINCORPORATED,-122.28515625,41.19146728515625
91931956,2022,2022-12-01,9145,2022-11-25,1150,017835,,5,1,9,4700,0,3,5,,2,003,"WALTERS LN","WESTSIDE RD",558.00,E,N,B,-,N,,,,,,,,,,N,3,0,1,2,A,-,08,22107,,F,G,B,E,A,H,-,A,D,0,Y,,,,Y,,-,99,0,1,0,0,1,0,0,0,0,"- ","- ",41.685630798339844,-122.63503265380859,SISKIYOU,UNINCORPORATED,-122.63557434082031,41.685581207275391
91934479,2022,2022-12-05,9145,2022-11-19,0800,014553,,6,1,9,4700,0,3,5,,2,002,"QUARTZ VALLEY RD.","DANGEL LN",691.00,S,N,A,-,N,,,,,,,,,,Y,3,0,1,1,A,-,01,23152,A,N,E,I,A,A,H,-,A,D,0,,,,,Y,Y,A,01,0,1,0,0,0,0,0,0,0,"- ","- ",41.579730987548828,-122.95751953125,SISKIYOU,UNINCORPORATED,-122.96778869628906,41.624046325683594
91938196,2022,2022-12-09,9146,2022-12-07,0915,016580,,3,1,9,4700,0,1,1,,2,012,"N/B I-5","N. DUNSMUIR",2640.00,N,N,A,-,Y,SIS,,5,,,4.421,H,,R,N,4,0,1,1,A,-,08,22107,,N,E,I,A,C,H,-,A,D,0,,,,,Y,,-,"- ",0,0,1,0,0,0,0,0,0,"- ","- ",41.241069793701172,-122.26155090332031,SISKIYOU,UNINCORPORATED,-122.26139831542969,41.241001129150391
91940292,2022,2022-12-12,9145,2022-12-04,0300,020898,,7,3,9,4700,0,3,5,,2,002,"SCOTT RIVER RD","RATTLESNAKE CREEK RD",15840.00,W,N,D,-,N,,,,,,,,,,N,3,0,1,1,A,-,01,23152,A,N,F,A,A,C,H,-,D,D,0,,,,,Y,Y,A,07,0,1,0,0,0,0,0,0,0,"- ","- ",41.636859893798828,-122.90747833251953,SISKIYOU,UNINCORPORATED,-122.94097137451172,41.635639190673828
91942450,2022,2022-12-14,9146,2022-12-08,1033,015592,,4,1,9,4700,0,1,1,,2,011,"INTERSTATE 5 SOUTHBOUND","AZALEA ROAD",4752.00,S,N,D,-,Y,SIS,,5,,R,7.404,H,,L,Y,3,0,1,2,A,-,03,22350,,N,C,C,A,C,H,-,A,D,0,,,,Y,Y,,A,01,0,1,0,0,0,0,0,0,0,"- ","- ",41.275440216064453,-122.2861328125,SISKIYOU,UNINCORPORATED,-122.28608703613281,41.275470733642578
91943651,2022,2022-12-15,9145,2022-12-07,1919,018675,,3,2,9,4700,0,1,3,,1,010,SR-96,"LIME CREEK GULCH",900.00,E,N,A,-,N,,,,,,,,,,N,3,0,1,1,A,-,03,22350,,N,E,I,A,A,H,-,D,D,0,,,,,Y,,A,01,0,1,0,0,0,0,0,0,0,"- ","- ",41.847919464111328,-122.68488311767578,SISKIYOU,UNINCORPORATED,-122.68487548828125,41.847923278808594
91949039,2022,2022-12-22,9146,2022-10-29,2025,021049,,6,2,9,4700,0,1,3,,1,021,"STATE ROUTE-89","BIG CANYON ROAD",2640.00,N,N,A,-,Y,,,,,,,,,,Y,1,1,0,1,A,-,01,23152,,N,E,8,A,A,H,-,C,D,0,,,Y,,Y,Y,C,02,0,0,0,0,0,0,0,1,0,"- ","- ",41.285980224609375,-122.30661010742188,SISKIYOU,UNINCORPORATED,-122.28877258300781,41.288360595703125
91954813,2022,2022-12-28,9145,2022-12-16,0930,018619,,5,1,9,4700,0,1,1,,2,070,"I-5 S/B","I-5 S/B VISTA POINT",5808.00,N,N,E,-,Y,SIS,,5,,R,53.281,H,,L,Y,3,0,2,2,A,-,03,22350,,N,C,C,A,C,H,-,A,D,0,,,,,Y,,A,01,0,2,0,0,0,0,0,0,0,"- ","- ",41.795139312744141,-122.58686828613281,SISKIYOU,UNINCORPORATED,-122.58690643310547,41.795169830322266
91955975,2022,2022-12-30,9145,2022-12-19,1940,018817,,1,2,9,4700,0,1,3,,1,060,SR-263,"DRY GULCH BRIDGE",62.00,N,N,A,-,Y,SIS,,263,,,54.594,H,,R,Y,2,0,1,1,A,-,08,22107,,M,E,I,A,A,H,-,D,D,0,,,,,Y,Y,D,22,1,0,0,0,0,0,0,0,0,"- ","- ",41.803020477294922,-122.59834289550781,SISKIYOU,UNINCORPORATED,-122.59837341308594,41.803024291992188
91959694,2022,2023-01-04,9145,2022-12-29,1340,015241,,4,1,9,4700,0,3,5,,2,004,"RED ROCK RD","DORRIS TECHNOR RD",10560.00,E,N,A,-,N,,,,,,,,,,Y,3,0,1,1,A,-,03,22350,,N,H,H,A,A,H,-,A,D,0,,,,,Y,,D,22,0,1,0,0,0,0,0,0,0,"- ","- ",41.79547119140625,-121.92664337158203,SISKIYOU,UNINCORPORATED,,
91970168,2023,2023-01-17,9145,2023-01-14,"839 ",018124,,6,1,9,4700,0,1,2,,1,042,US-97,"JEROME ROAD",11616.00,S,N,D,-,Y,SIS,,97," "," ",32.113,H,,R,Y,4,0,4,2,A,-,03,22350,,N,A,C,A,C,H,-,A,D,0,,,,Y,Y,,D,22,0,0,4,0,0,0,0,0,0,"- ","- ",41.725551605224609,-122.05744171142578,SISKIYOU,UNINCORPORATED,-122.05748748779297,41.725528717041016
91974642,2023,2023-01-23,9145,2023-01-18,2205,021580,,3,3,9,4700,0,1,1,,2,070,"I-5 N/B","5 SIS R49.00",100.00,N,N,B,-,Y,SIS,,5," ",R,49.033,H,,R,Y,4,0,1,1,A,-,03,22350,,N,E,8,A,C,H,-,D,D,0,,,,Y,Y,,G,25,0,0,1,0,0,0,0,0,0,"- ","- ",41.748050689697266,-122.61778259277344,SISKIYOU,UNINCORPORATED,-122.61782073974609,41.748111724853516
91987746,2023,2023-02-06,9146,2023-02-02,1215,018347,,4,1,9,4700,0,1,1,,2,010,"I-5 N/B TO TRUCK VILLAGE DRIVE","TRUCK VILLAGE DRIVE",275.00,S,N,B,-,Y,,,,,,,,,,N,4,0,1,1,A,-,08,22107,,N,E,I,A,A,H,-,A,D,0,,,,,Y,,D,22,0,0,1,0,0,0,0,0,0,"- ","- ",41.367938995361328,-122.36927795410156,SISKIYOU,UNINCORPORATED,-122.36927795410156,41.367938995361328
91988615,2023,2023-02-07,9146,2023-02-06,"600 ",020514,,1,1,9,4700,0,1,1,,2,012,"I-5 S/B","SISKIYOU AVENUE",5808.00,N,N,A,-,Y,SIS,,5," "," ",5.033,H,,L,Y,3,0,1,2,A,-,03,22350,,N,F,0,A,C,H,-,E,D,0,,,,,Y,,-,"- ",0,1,0,0,0,0,0,0,0,"- ","- ",41.249279022216797,-122.25868988037109,SISKIYOU,UNINCORPORATED,-122.25857543945312,41.249309539794922
91991654,2023,2023-02-10,9146,2023-02-03,1535,021129,,5,2,9,4700,0,3,5,,2,002,"SKI PARK HIGHWAY","FOREST ROUTE 31",0.00,,Y,D,-,N,,,,,,,,,,Y,3,0,1,1,A,-,03,22350,,N,E,I,A,C,H,-,A,D,0,,,,,Y,,A,07,0,1,0,0,0,0,0,0,0,"- ","- ",41.310440063476562,-122.21022033691406,SISKIYOU,UNINCORPORATED,-122.21109771728516,41.308578491210938
91992943,2023,2023-02-13,9146,2023-02-11,"620 ",015592,,6,1,9,4700,0,1,3,,1,022,"RT 89","ESPERANZA RD",12672.00,S,N,B,-,Y,SIS,,89," "," ",17.089,H,,R,Y,3,0,1,1,A,-,03,22350,,N,E,I,A,C,H,-,D,D,0,,,,,Y,,A,07,0,1,0,0,0,0,0,0,0,"- ","- ",41.258941650390625,-121.99321746826172,SISKIYOU,UNINCORPORATED,-121.99321746826172,41.258922576904297
91994525,2023,2023-02-14,9145,2023-02-12,"15  ",018958,,7,3,9,4700,0,1,3,,1,011,SR-96,"SARAH TOTTEN RD.",2640.00,W,N,A,-,Y,SIS,,96," "," ",69.537,H,,R,Y,4,0,1,1,A,-,03,22350,,N,E,I,A,C,H,-,D,D,0,,,,,Y,,-,"- ",0,0,1,0,0,0,0,0,0,"- ","- ",41.782749176025391,-123.05763244628906,SISKIYOU,UNINCORPORATED,-123.05763244628906,41.782768249511719
91995613,2023,2023-02-16,9145,2023-02-04,1130,019614,,6,1,9,4700,0,1,3,,1,011,SR-96,"SLUICE BOX RIVER ACCESS RD",2640.00,E,N,A,-,Y,SIS,,96," "," ",59.497,H,,R,Y,2,0,2,1,A,-,01,23152,A,N,E,I,A,A,H,-,A,D,0,,,,,Y,Y,D,22,2,0,0,0,0,0,0,0,0,"- ","- ",41.844581604003906,-123.209716796875,SISKIYOU,UNINCORPORATED,-123.20970916748047,41.844566345214844
92004960,2023,2023-02-28,9146,2023-02-23,1830,021049,,4,2,9,4700,0,1,1,,2,011,"I-5 N/B",SR-89,4224.00,S,N,D,-,Y,SIS,,5," ",R,7.639,H,,R,Y,4,0,1,1,A,-,03,22350,,N,E,I,A,C,H,-,D,D,0,,,,,Y,,D,22,0,0,1,0,0,0,0,0,0,"- ","- ",41.277839660644531,-122.28919982910156,SISKIYOU,UNINCORPORATED,-122.28921508789062,41.277828216552734
92009140,2022,2023-03-03,9145,2022-10-15,0535,018151,,6,3,9,4700,0,2,4,,1,034,"BIG SPRINGS ROAD","COUNTRY CLUB DRIVE",1584.00,N,N,A,-,N,,,,,,,,,,Y,1,1,0,2,A,-,08,22107,,N,E,J,A,A,H,-,D,D,0,,,,,Y,,D,22,0,0,0,0,0,0,0,0,0,"- ","- ",41.513240814208984,-122.36464691162109,SISKIYOU,UNINCORPORATED,-122.36479187011719,41.513797760009766
92017625,2023,2023-03-14,9145,2023-03-10,"30  ",018675,,5,3,9,4700,0,2,4,,1,032,"OLD HWY 99","PARKS CREEK",7920.00,N,N,B,-,N,,,,,,,,,,Y,3,0,1,1,A,-,03,22350,,N,E,I,A,B,H,-,D,D,0,,,,,Y,,D,22,0,1,0,0,0,0,0,0,0,"- ","- ",41.468360900878906,-122.47035217285156,SISKIYOU,UNINCORPORATED,,
92021635,2023,2023-03-20,9145,2023-03-09,1750,018726,,4,2,9,4700,0,3,5,,2,003,"EDGEWOOD ROAD","OLD EDGEWOOD WEED ROAD",6864.00,W,N,B,D,N,,,,,,,,,,N,3,0,1,1,A,-,01,23152,A,N,E,I,A,C,H,-,A,D,0,,,,,Y,Y,D,22,0,1,0,0,0,0,0,0,0,"- ","- ",41.431900024414062,-122.416748046875,SISKIYOU,UNINCORPORATED,-122.42801666259766,41.432422637939453
92022657,2023,2023-03-20,9145,2023-03-09,"1   ",018124,,4,3,9,4700,0,3,5,,2,004,"SCHOOL HOUSE ROAD","SCHOOL CREEK ROAD",11088.00,S,N,B,-,N,,,,,,,,,,N,3,0,1,1,A,-,08,22107,,M,E,I,A,C,H,-,D,D,0,,,,,Y,Y,D,22,0,1,0,0,0,0,0,0,0,"- ","- ",41.87677001953125,-122.12248992919922,SISKIYOU,UNINCORPORATED,,
92023807,2023,2023-03-21,9145,2023-03-20,"515 ",015241,,1,3,9,4700,0,1,2,,1,043,US-97,"MT HEBRON SUMMIT",9504.00,N,N,A,-,Y,SIS,,97," "," ",31.832,H,,R,Y,3,0,1,1,A,-,03,22350,,N,F,A,A,C,H,-,D,D,0,,,,,Y,,A,01,0,1,0,0,0,0,0,0,0,"- ","- ",41.722049713134766,-122.0546875,SISKIYOU,UNINCORPORATED,-122.05477905273438,41.722030639648438
92025816,2023,2023-03-22,9145,2023-03-15,"928 ",018604,,3,1,9,4700,0,1,1,,2,070,"I-5 N/B","KLAMATHON ROAD",9504.00,S,N,A,-,Y,SIS,,5," ",R,56.293,H,,R,Y,3,0,1,1,A,-,03,22350,,N,E,I,A,C,H,-,A,D,0,,,,,Y,,-,"- ",0,1,0,0,0,0,0,0,0,"- ","- ",41.832550048828125,-122.57940673828125,SISKIYOU,UNINCORPORATED,-122.57952117919922,41.832588195800781
92029489,2022,2023-03-27,9146,2022-11-27,0207,020593,,7,3,9,4700,0,1,1,,2,012,"I-5 SOUTHBOUND","MOTT AIRPORT ROAD",3985.00,S,N,A,-,Y,SIS,,5,,,5.033,H,,L,Y,1,1,0,1,A,-,01,23152,A,N,F,A,A,A,H,-,D,D,0,,,,,Y,Y,A,01,0,0,0,0,0,0,0,0,0,"- ","- ",41.249351501464844,-122.25846099853516,SISKIYOU,UNINCORPORATED,-122.25857543945312,41.249317169189453
92031056,2023,2023-03-28,9145,2023-03-26,1740,015241,,7,2,9,4700,0,1,2,,1,043,US-97,"GRASS LAKE REST AREA ENTRANCE RD",0.00,,Y,A,-,Y,SIS,,97," "," ",21.820,H,,R,Y,3,0,5,2,A,-,09,21804,A,N,A,2,A,A,H,-,A,D,0,,,,,Y,,A,01,0,5,0,0,0,0,0,0,0,"- ","- ",41.641899108886719,-122.16648101806641,SISKIYOU,UNINCORPORATED,-122.16649627685547,41.642005920410156
92044093,2023,2024-03-11,9145,2023-04-08,1503,020898,,6,2,9,4700,0,3,5,,2,003,"SHAMROCK RD","FAIRLANE RD",155.00,S,N,B,-,N,,,,,,,,,,N,1,1,0,1,A,-,03,22350,,N,E,I,A,A,H,-,A,D,0,,Y,,,Y,Y,L,04,0,0,0,0,0,1,0,0,0,"- ","- ",41.681499481201172,-122.62973785400391,SISKIYOU,UNINCORPORATED,-122.629777,41.681556
92044571,2022,2023-04-13,9145,2022-09-16,2135,021580,,5,2,9,4700,0,2,4,,1,051,"AGER ROAD","PARADISE CRAGGY MOUNTAIN ROAD",1056.00,N,N,A,-,N,,,,,,,,,,Y,1,1,1,1,A,-,08,22107,,N,F,I,A,A,H,-,D,D,0,,,,,Y,,A,07,1,0,0,0,0,0,0,0,0,"- ","- ",41.778190612792969,-122.52255249023438,SISKIYOU,UNINCORPORATED,-122.52308654785156,41.777618408203125
92044589,2023,2023-04-13,9145,2023-04-07,"518 ",018151,,5,3,9,4700,0,1,1,,2,073,"INTERSTATE 5 NORTHBOUND","EDGEWOOD RD",6.00,N,N,B,-,Y,SIS,,5," ",R,23.001,H,,R,N,4,0,1,1,A,-,08,22107,,N,E,I,A,B,H,-,C,D,0,,,,,Y,,A,01,0,0,1,0,0,0,0,0,0,"- ","- ",41.442050933837891,-122.43495178222656,SISKIYOU,UNINCORPORATED,-122.43499755859375,41.442035675048828
92048677,2023,2023-04-19,9145,2023-04-11,1638,020819,,2,2,9,4700,0,3,5,,2,003,"JACKSON RANCH RD","DWINNELL WAY",5808.00,W,N,A,-,N,,,,,,,,,,Y,3,0,1,1,A,-,08,22107,,N,E,I,A,A,H,-,A,D,0,,,,,Y,,A,07,0,1,0,0,0,0,0,0,0,"- ","- ",41.493068695068359,-122.40315246582031,SISKIYOU,UNINCORPORATED,-122.4019775390625,41.493686676025391
92052107,2023,2023-04-26,9145,2023-04-18,1043,018817,,2,1,9,4700,0,2,4,,1,034,"BIG SPRINGS RD","JACKSON RANCH RD",0.00,,Y,A,-,N,,,,,,,,,,Y,4,0,1,2,A,-,09,21801,A,N,D,C,A,A,H,-,A,D,0,,,,,Y,,A,01,0,0,1,0,0,0,0,0,0,"- ","- ",41.494049072265625,-122.36250305175781,SISKIYOU,UNINCORPORATED,-122.36241912841797,41.493995666503906
92058370,2023,2023-05-01,9145,2023-04-28,1407,020898,,5,2,9,4700,0,1,3,,1,060,SR-263,"HUDSON RD",1584.00,S,N,A,-,N,,,,,,,,,,N,3,0,1,1,A,-,08,22107,,N,F,A,A,A,H,-,A,D,0,,,Y,,Y,,C,02,0,1,0,0,0,0,0,0,1,"- ","- ",41.817131042480469,-122.58824920654297,SISKIYOU,UNINCORPORATED,-122.58826446533203,41.817119598388672
92059428,2023,2023-05-02,9145,2023-04-23,1210,018817,,7,1,9,4700,0,1,3,,1,061,SR-96,"WALKER ROAD",5280.00,E,N,A,-,Y,SIS,,96," "," ",78.079,H,,R,N,3,0,2,2,A,-,05,21460,A,F,F,A,A,A,H,-,A,D,0,,,,,Y,,D,22,0,1,1,0,0,0,0,0,0,"- ","- ",41.82440185546875,-122.96251678466797,SISKIYOU,UNINCORPORATED,-122.96256256103516,41.824413299560547
92065874,2023,2023-05-10,9145,2023-05-03,"610 ",018817,,3,1,9,4700,0,2,4,,1,051,"AGER RD","PONDEROSA ST",15.00,S,N,B,-,N,,,,,,,,,,Y,4,0,1,1,A,-,08,22107,,N,E,I,A,A,H,-,A,D,0,,,,,Y,,A,01,0,0,1,0,0,0,0,0,0,"- ","- ",41.883140563964844,-122.48548126220703,SISKIYOU,UNINCORPORATED,-122.48561859130859,41.883075714111328
92066778,2023,2023-05-11,9145,2023-05-04,"110 ",022542,,4,3,9,4700,0,3,5,,2,005,"OBERLIN RD","ZANOTTO LN",116.00,W,N,A,-,N,,,,,,,,,,Y,2,0,1,1,A,-,08,22107,,N,E,I,A,A,H,-,C,D,0,,,,,Y,,A,01,1,0,0,0,0,0,0,0,0,"- ","- ",41.705558776855469,-122.55982971191406,SISKIYOU,UNINCORPORATED,-122.55998229980469,41.705589294433594
92067048,2023,2023-05-11,9145,2023-05-05,"330 ",018124,,5,3,9,4700,0,1,2,,1,042,US-97,"TENNANT ROAD",18480.00,N,N,B,-,Y,SIS,,97," "," ",31.407,H,,R,Y,3,0,2,1,A,-,08,22107,,N,E,I,A,B,H,-,D,D,0,,,,,Y,,A,01,0,2,0,0,0,0,0,0,0,"- ","- ",41.716159820556641,-122.05232238769531,SISKIYOU,UNINCORPORATED,-122.05226135253906,41.716182708740234
92081162,2023,2023-05-30,9145,2023-05-18,1240,016857,,4,1,9,4700,0,1,1,,2,073,"I-5 N/B","PARKS CREEK BRIDGE #2-141",528.00,N,N,A,-,Y,SIS,,5," ",R,27.319,H,,R,Y,4,0,3,2,A,-,07,21658,A,N,B,C,A,A,H,-,A,D,0,,,,Y,Y,,G,25,0,0,3,0,0,0,0,0,0,"- ","- ",41.499298095703125,-122.46572875976562,SISKIYOU,UNINCORPORATED,-122.4656982421875,41.499320983886719
92081186,2023,2023-05-30,9145,2023-05-19,2130,018124,,5,2,9,4700,0,1,2,,1,042,US-97,"JUNIPER KNOLL ROAD NORTH OF THE SOLID DOUBLE YELL""",126.00,N,N,A,-,Y,SIS,,97," "," ",40.134,H,,R,N,3,0,2,2,A,-,01,23152,A,N,D,C,A,A,H,-,D,D,0,,,,,Y,Y,A,01,0,2,0,0,0,0,0,0,0,"- ","- ",41.827831268310547,-122.00637817382812,SISKIYOU,UNINCORPORATED,-122.00643920898438,41.827857971191406
92081219,2023,2023-05-30,9146,2023-05-22,"720 ",014814,,1,1,9,4700,0,1,3,,1,021,SR-89,"SKI PARK HWY",6336.00,N,N,A,-,Y,SIS,,89," "," ",30.575,H,,R,Y,3,0,2,2,A,-,09,21804,A,N,D,C,A,A,D,-,A,D,0,,,,,Y,,D,22,0,1,1,0,0,0,0,0,0,"- ","- ",41.266990661621094,-122.23651885986328,SISKIYOU,UNINCORPORATED,-122.23653411865234,41.266979217529297
92082696,2023,2023-05-31,9145,2023-05-31,"745 ",016857,,3,1,9,4700,0,2,4,,1,051,"AGER RD","RACCOON DR",140.00,N,N,A,-,N,,,,,,,,,,Y,4,0,1,1,A,-,08,22107,,N,E,I,A,A,H,-,A,D,0,,,,,Y,,A,01,0,0,1,0,0,0,0,0,0,"- ","- ",41.8768310546875,-122.47897338867188,SISKIYOU,UNINCORPORATED,-122.47882080078125,41.876712799072266
92084348,2023,2023-06-02,9146,2023-05-27,1430,020514,,6,2,9,4700,0,3,5,,2,002,"WEST COLOMBERO DRIVE","BERKELEY WAY",186.00,W,N,A,-,N,,,,,,,,,,N,3,0,2,1,C,-,18,,,N,E,J,A,A,H,-,A,D,0,,,,,Y,,-,"- ",0,2,0,0,0,0,0,0,0,"- ","- ",41.258419036865234,-122.14427185058594,SISKIYOU,UNINCORPORATED,-122.14347839355469,41.257251739501953
92089514,2023,2023-06-08,9145,2023-06-03,2127,018675,,6,2,9,4700,0,1,S,,2,904,"I-5 S/B","BLACK BUTTE DR",2112.00,N,N,A,-,Y,SIS,,5," ",R,16.372,H,,L,Y,3,0,2,1,A,-,08,22107,,N,E,I,A,A,H,-,D,D,0,,,,,Y,,E,22,0,2,0,0,0,0,0,0,0,"- ","- ",41.381881713867188,-122.37612915039062,SISKIYOU,UNINCORPORATED,-122.37586975097656,41.381881713867188
92089554,2023,2023-06-08,9145,2023-06-05,1215,015241,,1,1,9,4700,0,1,2,,1,042,US-97,"SAGEBRUSH LN",528.00,N,N,B,-,Y,SIS,,97," "," ",39.411,H,,R,N,4,0,1,1,A,-,08,22107,,N,E,I,A,A,H,-,A,D,0,,,,,Y,,D,22,0,0,1,0,0,0,0,0,0,"- ","- ",41.819019317626953,-122.01390075683594,SISKIYOU,UNINCORPORATED,-122.01380157470703,41.818973541259766
92097242,2023,2023-06-19,9146,2023-06-10,1818,020811,,6,2,9,4700,0,1,1,,2,010,"I-5 N/B","ABRAMS LAKE ROAD",1700.00,N,N,B,-,Y,SIS,,5," ",R,13.529,H,,R,Y,3,0,2,1,A,-,08,22107,,N,E,8,A,A,H,-,A,D,0,,,,,Y,Y,A,01,0,2,0,0,0,0,0,0,0,"- ","- ",41.348609924316406,-122.34776306152344,SISKIYOU,UNINCORPORATED,-122.34783172607422,41.348564147949219
92097921,2023,2023-06-20,9145,2023-06-15,"838 ",017793,,4,1,9,4700,0,3,5,,2,005,"YREKA AGER ROAD","SHASTA RIVER BRIDGE",235.00,N,N,A,-,N,,,,,,,,,,Y,3,0,2,2,A,-,05,21650,,N,B,C,A,A,H,-,A,D,0,,,,,Y,,D,22,0,2,0,0,0,0,0,0,0,"- ","- ",41.747478485107422,-122.57261657714844,SISKIYOU,UNINCORPORATED,-122.57360300000001,41.746602000000003
92103536,2023,2023-06-27,9146,2023-06-17,2007,020593,,6,2,1,4702,0,1,1,,2,012,"INTERSTATE 5 N/B","SISKIYOU AVENUE OVERCROSSING",590.00,N,N,A,-,Y,SIS,,5," "," ",3.095,H,,R,Y,3,0,1,2,A,-,01,23152,A,N,C,C,A,A,H,-,A,D,0,,,,Y,Y,Y,A,01,0,1,0,0,0,0,0,0,0,"- ","- ",41.226100921630859,-122.27543640136719,SISKIYOU,DUNSMUIR,-122.27545928955078,41.226100921630859
92103554,2023,2023-06-27,9146,2023-06-19,1345,018398,,1,1,9,4700,0,1,1,,2,011,"INTERSTATE 5 S/B","MOTT AIRPORT ROAD",5280.00,N,N,B,-,Y,SIS,,5," ",R,6.883,H,,L,N,3,0,1,1,A,-,03,22350,,N,E,I,A,A,D,-,A,D,0,,,,,Y,,A,01,0,1,0,0,0,0,0,0,0,"- ","- ",41.269931793212891,-122.27937316894531,SISKIYOU,UNINCORPORATED,-122.27921295166016,41.270027160644531
92104103,2023,2023-06-28,9146,2023-06-18,1550,017955,,7,2,9,4700,0,3,5,,2,001,"SCENIC DR","W SCENIC DR.",230.00,S,N,A,-,N,,,,,,,,,,N,3,0,1,2,D,-,00,,,N,G,B,A,A,H,-,A,D,0,,Y,,,Y,,-,"- ",0,1,0,0,0,0,1,0,0,"- ","- ",41.321628570556641,-122.33754730224609,SISKIYOU,UNINCORPORATED,-122.33746337890625,41.321647644042969
92107256,2023,2023-06-30,9146,2023-06-23,2200,021049,,5,3,9,4700,0,1,3,,1,022,SR-89,"HARRIS SPRINGS ROAD",3168.00,S,N,A,-,Y,SIS,,89," "," ",7.390,H,,R,Y,4,0,1,1,C,-,18,,,N,E,H,A,A,H,-,D,D,0,,,,,Y,,-,"- ",0,0,1,0,0,0,0,0,0,"- ","- ",41.248409271240234,-121.81365966796875,SISKIYOU,UNINCORPORATED,-121.81369781494141,41.248359680175781