CASE_ID,ACCIDENT_YEAR,PROC_DATE,JURIS,COLLISION_DATE,COLLISION_TIME,OFFICER_ID,REPORTING_DISTRICT,DAY_OF_WEEK,CHP_SHIFT,POPULATION,CNTY_CITY_LOC,SPECIAL_COND,BEAT_TYPE,CHP_BEAT_TYPE,CITY_DIVISION_LAPD,CHP_BEAT_CLASS,BEAT_NUMBER,PRIMARY_RD,SECONDARY_RD,DISTANCE,DIRECTION,INTERSECTION,WEATHER_1,WEATHER_2,STATE_HWY_IND,CALTRANS_COUNTY,CALTRANS_DISTRICT,STATE_ROUTE,ROUTE_SUFFIX,POSTMILE_PREFIX,POSTMILE,LOCATION_TYPE,RAMP_INTERSECTION,SIDE_OF_HWY,TOW_AWAY,COLLISION_SEVERITY,NUMBER_KILLED,NUMBER_INJURED,PARTY_COUNT,PRIMARY_COLL_FACTOR,PCF_CODE_OF_VIOL,PCF_VIOL_CATEGORY,PCF_VIOLATION,PCF_VIOL_SUBSECTION,HIT_AND_RUN,TYPE_OF_COLLISION,MVIW,PED_ACTION,ROAD_SURFACE,ROAD_COND_1,ROAD_COND_2,LIGHTING,CONTROL_DEVICE,CHP_ROAD_TYPE,PEDESTRIAN_ACCIDENT,BICYCLE_ACCIDENT,MOTORCYCLE_ACCIDENT,TRUCK_ACCIDENT,NOT_PRIVATE_PROPERTY,ALCOHOL_INVOLVED,STWD_VEHTYPE_AT_FAULT,CHP_VEHTYPE_AT_FAULT,COUNT_SEVERE_INJ,COUNT_VISIBLE_INJ,COUNT_COMPLAINT_PAIN,COUNT_PED_KILLED,COUNT_PED_INJURED,COUNT_BICYCLIST_KILLED,COUNT_BICYCLIST_INJURED,COUNT_MC_KILLED,COUNT_MC_INJURED,PRIMARY_RAMP,SECONDARY_RAMP,LATITUDE,LONGITUDE,COUNTY,CITY,POINT_X,POINT_Y
94694682,2025,2025-05-20,9145,2025-05-02,1310,024410,,5,1,9,4700,0,2,S,,2,904,"BIG SPRINGS ROAD","JACKSON RANCH ROAD",1460.00,N,N,A,-,N,,,,,,,,,,Y,4,0,1,1,A,-,08,22107,,N,E,I,A,A,H,-,A,D,0,,,,,Y,,A,07,0,0,1,0,0,0,0,0,0,"- ","- ",41.498088836669922,-122.36295318603516,SISKIYOU,UNINCORPORATED,-122.36288452148438,41.497993469238281
94697347,2025,2025-05-22,9146,2025-05-11,"230 ",020514,,7,3,9,4700,0,3,5,,2,001,"931 DEETZ RD","PLUM AVE",210.00,W,N,A,-,N,,,,,,,,,,N,4,0,1,1,A,-,08,22107,,M,E,I,A,A,H,-,D,D,0,,,,,Y,,A,01,0,0,1,0,0,0,0,0,0,"- ","- ",41.364238739013672,-122.38297271728516,SISKIYOU,UNINCORPORATED,-122.38291931152344,41.364212036132812
94711955,2025,2025-06-03,9145,2025-05-24,2231,024009,,6,3,2,4709,0,2,S,,2,901,"SOUTH MAIN STREET","RANCH LANE",340.00,N,N,A,-,N,,,,,,,,,,Y,3,0,2,5,A,-,01,23152,A,N,B,4,F,A,H,-,C,D,0,Y,,,,Y,Y,-,"- ",0,2,0,0,1,0,0,0,0,"- ","- ",41.710529327392578,-122.64219665527344,SISKIYOU,YREKA,-122.64224243164062,41.710186004638672
94720461,2025,2025-06-10,9145,2025-06-09,1630,018675,,1,2,9,4700,0,3,5,,2,003,"GAZELLE CALLAHAN RD","LIME GULCH RD",3168.00,W,N,A,-,N,,,,,,,,,,N,4,0,1,1,A,-,08,22107,,N,F,0,A,A,H,-,A,D,0,,,Y,,Y,,-,"- ",0,0,1,0,0,0,0,0,1,"- ","- ",41.493820190429688,-122.55558013916016,SISKIYOU,UNINCORPORATED,,
94722095,2025,2025-06-11,9146,2025-06-11,"730 ",018398,,3,1,9,4700,0,1,1,,2,011,"I-5 N/B","LASSEN LANE",200.00,N,N,A,-,Y,SIS,,5," ",R,11.210,H,,R,N,4,0,1,2,A,-,03,22350,,N,C,C,A,A,D,-,A,D,0,,,,,Y,,A,07,0,0,1,0,0,0,0,0,0,"- ","- ",41.319831848144531,-122.32537078857422,SISKIYOU,UNINCORPORATED,-122.32534027099609,41.319839477539062
94724033,2025,2025-06-12,9145,2025-05-23,1250,020898,,5,1,9,4700,0,2,4,,1,037,"COUNTY RD A-12","SHASTA VISTA DR",4224.00,E,N,A,-,N,,,,,,,,,,N,1,1,3,2,A,-,05,21650,,N,A,C,A,A,H,-,A,D,0,,,,,Y,,A,01,0,3,0,0,0,0,0,0,0,"- ","- ",41.572589874267578,-122.27561187744141,SISKIYOU,UNINCORPORATED,-122.27562713623047,41.572555541992188
9472630,2022,2022-08-04,4708,2022-06-13,2331,447,7,1,5,2,4708,0,0,0,,0,001,"SOUTH WEED BL","NORTH CURB LINE 15",12.00,S,N,A,-,N,,,,,,,,,,N,3,0,1,2,A,-,08,22107,,F,B,C,A,A,H,-,C,D,0,,,Y,,Y,,-,,0,1,0,0,0,0,0,0,1,"- ",SO,,,SISKIYOU,WEED,,
94727279,2025,2025-06-16,9146,2025-02-05,"40  ",021333,,3,3,9,4700,0,1,1,,2,012,"INTERSTATE 5 SOUTHBOUND","MOTT ROAD",4224.00,S,N,A,-,Y,SIS,,5," "," ",5.063,H,,L,Y,1,1,1,1,A,-,03,22350,,N,E,8,A,C,H,-,D,D,0,,,,Y,Y,,G,25,1,0,0,0,0,0,0,0,0,"- ","- ",41.249668121337891,-122.25892639160156,SISKIYOU,UNINCORPORATED,-122.25881195068359,41.249713897705078
94739007,2025,2025-06-25,9146,2025-06-19,"18  ",019167,,4,3,9,4700,0,2,4,,1,015,"N. OLD STAGE ROAD","LIVE OAK LN",620.00,N,N,A,-,N,,,,,,,,,,Y,2,0,1,1,A,-,01,23152,A,N,E,I,A,A,H,-,D,D,0,,,,,Y,Y,A,01,1,0,0,0,0,0,0,0,0,"- ","- ",41.347160339355469,-122.36398315429688,SISKIYOU,UNINCORPORATED,-122.36383056640625,41.347049713134766
94744575,2025,2025-06-30,9146,2025-06-17,1230,024410,,2,1,9,4700,0,1,1,,2,010,"I-5 N/B","TRUCK VILLAGE DRIVE",770.00,N,N,A,-,Y,SIS,,5," ",R,15.391,H,,R,N,4,0,1,2,A,-,03,22350,,N,C,C,A,A,D,-,A,D,0,,,,Y,Y,,G,25,0,0,1,0,0,0,0,0,0,"- ","- ",41.368881225585938,-122.37065887451172,SISKIYOU,UNINCORPORATED,-122.37067413330078,41.368873596191406
94746141,2025,2025-07-01,9145,2025-06-28,1900,015241,,6,2,9,4700,0,3,5,,2,004,"OLD STATE HIGHWAY","EAST BALL MOUNTAIN ROAD",23760.00,S,N,A,-,N,,,,,,,,,,Y,3,0,2,1,A,-,08,22107,,N,E,I,A,A,H,-,A,D,0,,,,,Y,,D,22,0,2,0,0,0,0,0,0,0,"- ","- ",41.725559234619141,-121.99730682373047,SISKIYOU,UNINCORPORATED,-121.98944854736328,41.718002319335938
94749649,2025,2025-07-07,9145,2025-06-30,1140,024574,,1,1,9,4700,0,1,3,,1,060,"SR-263 S/B","PIONEER BRIDGE",3168.00,N,N,A,-,Y,SIS,,263," "," ",55.883,H,,L,Y,3,0,1,2,A,-,05,21460,A,N,B,C,A,A,H,-,A,D,0,,,,Y,Y,,G,25,0,1,0,0,0,0,0,0,0,"- ","- ",41.815788269042969,-122.58849334716797,SISKIYOU,UNINCORPORATED,-122.58843231201172,41.815753936767578
94752046,2025,2025-07-07,9145,2025-07-01,1307,024574,,2,1,9,4700,0,1,3,,1,061,"SR-96 E/B",CAYUSE,1056.00,W,N,A,-,Y,SIS,,96," "," ",96.109,H,,R,Y,3,0,2,1,A,-,08,22107,,N,E,I,A,A,H,-,A,D,0,,,,,Y,,A,01,0,1,1,0,0,0,0,0,0,"- ","- ",41.854988098144531,-122.69593811035156,SISKIYOU,UNINCORPORATED,-122.6959228515625,41.855018615722656
94752374,2025,2025-07-07,9146,2025-07-01,"500 ",024410,,2,3,9,4700,0,1,1,,2,011,"I-5 N/B","NORTH MT SHASTA BLVD",470.00,S,N,A,-,Y,SIS,,5," ",R,11.971,H,,R,Y,2,0,2,1,A,-,08,22107,,N,E,8,A,A,H,-,B,D,0,,,,,Y,,E,22,1,0,1,0,0,0,0,0,0,"- ","- ",41.329898834228516,-122.33103942871094,SISKIYOU,UNINCORPORATED,-122.33091735839844,41.329940795898438
94759587,2025,2025-07-14,9145,2025-07-03,1720,024242,,4,2,9,4700,0,1,3,,1,060,SR263,"SHASTA RIVER BRIDGE",1598.86,N,N,A,-,Y,SIS,,263," "," ",52.957,H,,R,Y,4,0,1,1,A,-,03,22350,,N,E,I,A,A,H,-,A,D,0,,,,,Y,,D,22,0,0,1,0,0,0,0,0,0,"- ","- ",41.785060882568359,-122.59956359863281,SISKIYOU,UNINCORPORATED,-122.59955596923828,41.785072326660156
94762691,2025,2025-07-15,9145,2025-07-07,1555,024574,,1,2,1,4701,0,1,2,,1,041,"SB US-97","SHEEPY CREEK RD",2112.00,S,N,A,-,Y,SIS,,97," "," ",51.973,H,,R,Y,2,0,1,1,A,-,03,22350,,N,E,I,A,A,H,-,A,D,0,,,Y,,Y,,C,02,1,0,0,0,0,0,0,0,1,"- ","- ",41.977378845214844,-121.90904998779297,SISKIYOU,DORRIS,-121.90904235839844,41.977378845214844
94772244,2025,2025-07-22,9146,2025-07-16,2217,024191,,3,3,9,4700,0,1,1,,2,011,"I-5 S/B","LASSEN LN",2112.00,N,N,A,-,Y,SIS,,5," ",R,11.556,H,,L,N,4,0,1,1,A,-,03,22350,,N,E,8,A,A,H,-,D,D,0,,,,,Y,,A,07,0,0,1,0,0,0,0,0,0,"- ","- ",41.324600219726562,-122.32813262939453,SISKIYOU,UNINCORPORATED,-122.32826232910156,41.324558258056641
94774260,2025,2025-07-24,9145,2025-07-14,"500 ",019863,,1,3,9,4700,0,3,5,,2,001,18N01,SR-96,21120.00,N,N,A,-,N,,,,,,,,,,Y,3,0,1,1,A,-,08,22107,,N,F,A,A,A,H,-,D,D,0,,,,Y,Y,,F,25,0,1,0,0,0,0,0,0,0,"- ","- ",41.865238189697266,-123.33321380615234,SISKIYOU,UNINCORPORATED,,
94782832,2025,2025-07-30,9146,2025-06-19,1630,024220,,4,2,9,4700,0,3,5,,2,001,"CASTLE LAKE ROAD","NEY SPRINGS ROAD",36960.00,S,N,A,-,N,,,,,,,,,,N,3,0,1,3,A,-,08,22107,,F,G,1,E,A,H,-,A,D,0,Y,,,,Y,,-,99,0,1,0,0,1,0,0,0,0,"- ","- ",41.230979919433594,-122.38204193115234,SISKIYOU,UNINCORPORATED,-122.38216400146484,41.231235504150391
94785677,2025,2025-08-01,9145,2025-07-25,2015,022654,,5,2,9,4700,0,1,3,,1,061,SR-96,"KLAMATH RIVER RD",2640.00,W,N,F,G,Y,SIS,,96," "," ",100.951,H,,R,Y,2,0,2,2,A,-,08,22107,,N,A,C,A,A,H,-,B,D,0,,,,,Y,Y,D,22,2,0,0,0,0,0,0,0,0,"- ","- ",41.832000732421875,-122.63047027587891,SISKIYOU,UNINCORPORATED,-122.63040924072266,41.832069396972656
94791837,2025,2025-08-06,9145,2025-07-30,1713,018254,,3,2,9,4700,0,3,5,,2,005,"TENNANT ROAD",US-97,8976.00,E,N,A,-,N,,,,,,,,,,Y,2,0,1,1,A,-,01,23152,A,N,E,8,A,A,H,-,A,D,0,,,,,Y,Y,D,22,1,0,0,0,0,0,0,0,0,"- ","- ",41.65692138671875,-122.05925750732422,SISKIYOU,UNINCORPORATED,-122.05685424804688,41.6588134765625
94793534,2025,2025-08-07,9146,2025-07-17,1740,024191,,4,2,9,4700,0,1,3,,1,021,"RT 89","BROADWAY AVE",0.00,,Y,A,-,Y,SIS,,89," "," ",24.751,H,,R,Y,3,0,4,3,A,-,09,21801,A,N,A,2,A,A,H,-,A,A,0,,,,Y,Y,,D,22,0,1,3,0,0,0,0,0,0,"- ","- ",41.25115966796875,-122.13629150390625,SISKIYOU,UNINCORPORATED,-122.13628387451172,41.251190185546875
94806645,2025,2025-08-18,9145,2025-08-14,1645,022654,,4,2,9,4700,0,3,5,,2,002,"SAWYERS BARS RD","SAWYERS BAR RD (DIRT PATH)",550.00,N,N,A,-,N,,,,,,,,,,N,3,0,1,1,A,-,08,22107,,N,E,I,A,A,H,-,A,D,0,,,,,Y,,D,22,0,1,0,0,0,0,0,0,0,"- ","- ",41.3997802734375,-122.99111938476562,SISKIYOU,UNINCORPORATED,-123.13288879394531,41.300750732421875
94806655,2025,2025-08-18,9145,2025-08-15,"640 ",024574,,5,1,9,4700,0,3,5,,2,003,"CRAM GULCH RD","GUYS GULCH RD",6600.00,S,N,A,-,N,,,,,,,,,,Y,4,0,1,1,A,-,08,22107,,N,E,8,A,A,H,-,B,D,0,,,,,Y,,A,01,0,0,1,0,0,0,0,0,0,"- ","- ",41.636310577392578,-122.56858062744141,SISKIYOU,UNINCORPORATED,-122.57356262207031,41.625438690185547
94825959,2025,2025-09-02,9146,2025-08-21,1250,024619,,4,1,2,4706,0,2,4,,1,015,"OLD STAGE RD","RAINBOW DR",256.00,N,N,A,-,N,,,,,,,,,,Y,3,0,1,1,A,-,08,22107,,N,E,8,A,A,H,-,A,D,0,,,,,Y,,D,22,0,1,0,0,0,0,0,0,0,"- ","- ",41.327098846435547,-122.34503173828125,SISKIYOU,"MOUNT SHASTA",-122.34504699707031,41.327068328857422
94828717,2025,2025-09-03,9146,2025-08-22,"220 ",024220,,5,3,2,4708,0,2,S,,2,901,"S WEED BLVD","I-5 N/B TO S WEED BLVD OFF RAMP",20.00,E,N,A,-,N,,,,,,,,,,Y,4,0,1,1,A,-,01,23152,A,N,E,I,A,A,H,-,C,A,0,,,,,Y,Y,A,07,0,0,1,0,0,0,0,0,0,"- ","- ",41.419120788574219,-122.38279724121094,SISKIYOU,WEED,-122.38382720947266,41.417964935302734
94829797,2025,2025-09-04,9145,2025-08-30,1125,023406,,6,1,9,4700,0,1,3,,1,022,"HORN LN","RT 3",860.00,E,N,A,-,N,,,,,,,,,,Y,2,0,1,1,A,-,08,22107,,N,E,I,A,A,H,-,A,D,0,,,,,Y,,D,22,1,0,0,0,0,0,0,0,0,"- ","- ",41.456508636474609,-122.86885070800781,SISKIYOU,UNINCORPORATED,-122.86895751953125,41.45648193359375
94842699,2025,2025-09-12,9145,2025-09-02,2034,024552,,2,2,9,4700,0,3,5,,2,004,"HENLEY HORNBROOK RD","OREGON RD",845.00,E,N,A,-,N,,,,,,,,,,N,2,0,1,1,A,-,03,22350,,N,F,A,A,A,H,-,D,A,0,,,Y,,Y,Y,C,02,1,0,0,0,0,0,0,0,1,"- ","- ",41.909290313720703,-122.56005859375,SISKIYOU,UNINCORPORATED,-122.56002044677734,41.909275054931641
94845122,2025,2025-09-15,9145,2025-09-05,1400,019863,,5,2,9,4700,0,1,3,,1,012,SR-96,"FOREST RD 15N19",3168.00,W,N,A,-,Y,SIS,,96," "," ",31.667,H,,R,Y,3,0,1,1,A,-,08,22107,,N,E,I,A,A,H,-,A,D,0,,,,,Y,,D,22,0,1,0,0,0,0,0,0,0,"- ","- ",41.696880340576172,-123.44644165039062,SISKIYOU,UNINCORPORATED,-123.44637298583984,41.696861267089844
94849736,2025,2025-09-18,9146,2025-09-06,1900,023551,,6,2,9,4700,0,3,5,,2,002,"E COLOMBERO DR","BROADWAY AVE",200.00,E,N,A,-,N,,,,,,,,,,N,3,0,1,2,A,-,03,22350,,N,B,G,A,A,H,-,A,D,0,,Y,,,Y,,D,22,0,1,0,0,0,0,1,0,0,"- ","- ",41.256099700927734,-122.1343994140625,SISKIYOU,UNINCORPORATED,-122.13490295410156,41.256076812744141
94871829,2025,2025-10-03,9145,2025-09-25,1940,024009,,4,2,9,4700,0,1,3,,1,040,"HIGHWAY 161","HIGHWAY 97",10560.00,E,N,A,-,Y,SIS,,161," "," ",2.595,H,,R,Y,3,0,1,1,C,-,18,,,N,H,H,A,A,H,-,D,D,0,,,,,Y,,-,"- ",0,1,0,0,0,0,0,0,0,"- ","- ",42.001590728759766,-121.84201812744141,SISKIYOU,UNINCORPORATED,-121.84202575683594,42.001621246337891
94879796,2025,2025-10-09,9146,2025-10-01,1435,024220,,3,2,9,4700,0,1,3,,1,022,"PILGRIM CREEK","ESPARANZA RD",2112.00,S,N,C,-,N,,,,,,,,,,Y,4,0,1,1,C,-,18,,,N,F,I,A,B,H,-,A,D,0,,,,,Y,,-,"- ",0,0,1,0,0,0,0,0,0,"- ","- ",41.289009094238281,-122.05857086181641,SISKIYOU,UNINCORPORATED,-122.05891418457031,41.288787841796875
94897984,2025,2025-10-22,9145,2025-10-07,1331,024738,,2,1,9,4700,0,3,5,,2,005,"AGER BESWICK RD","AGER RD",5650.00,E,N,A,-,N,,,,,,,,,,Y,3,0,1,1,A,-,08,22107,,N,F,A,A,A,H,-,A,D,0,,,Y,,Y,,C,03,0,1,0,0,0,0,0,0,1,"- ","- ",41.865699768066406,-122.44371795654297,SISKIYOU,UNINCORPORATED,-122.44399261474609,41.865665435791016
94908207,2025,2025-10-30,9145,2025-10-27,2341,024760,,1,3,9,4700,0,1,1,,2,070,"NORTHBOUND INTERSTATE 5","RT 96",1400.00,S,N,A,-,Y,SIS,,5," ",R,57.796,H,,R,Y,3,0,1,2,A,-,07,21658,A,N,C,2,A,A,H,-,D,D,0,,,,Y,Y,,A,07,0,1,0,0,0,0,0,0,0,"- ","- ",41.850929260253906,-122.56899261474609,SISKIYOU,UNINCORPORATED,-122.56900787353516,41.850921630859375
94916930,2025,2025-11-10,9145,2025-10-26,1335,024873,,7,1,9,4700,0,1,3,,1,021,"QUARTZ VALLEY RD","ORO FINO RD",111.00,W,N,B,C,N,,,,,,,,,,Y,2,0,1,1,A,-,03,22350,,N,E,8,A,B,H,-,A,D,0,,,,,Y,,D,22,1,0,0,0,0,0,0,0,0,"- ","- ",41.565689086914062,-122.92342376708984,SISKIYOU,UNINCORPORATED,-122.92368316650391,41.565727233886719
9492437,2022,2022-10-12,4706,2022-08-27,0048,1106,YREKA,6,5,2,4706,0,0,0,,0,CITY,"LAKE ST","MOUNT SHASTA BL",0.00,,Y,A,-,N,,,,,,,,,,N,2,0,1,2,A,-,12,21453,A,F,D,G,A,A,H,-,C,A,0,,,,,Y,Y,-,"- ",1,0,0,0,0,0,0,0,0,"- ","- ",,,SISKIYOU,"MOUNT SHASTA",-122.31233978271484,41.313240051269531
94940298,2025,2026-02-12,9146,2025-11-06,1220,024765,,4,1,9,4700,0,3,5,,2,002,"BROADWAY AVE","EAST MINNESOTA AVE",17.00,S,N,B,C,N,,,,,,,,,,Y,3,0,1,1,A,-,01,23152,A,N,E,J,A,B,H,-,A,D,0,,,,,Y,Y,A,01,0,1,0,0,0,0,0,0,0,"- ","- ",41.252201080322266,-122.13606262207031,SISKIYOU,UNINCORPORATED,-122.13616180419922,41.252223968505859
94945427,2025,2025-11-24,9145,2025-11-20,1800,024242,,4,2,9,4700,0,1,3,,1,020,"STATE ROUTE 3","EASTMAN LN",700.00,S,N,A,-,Y,SIS,,3," "," ",45.067,H,,R,N,4,0,1,1,C,-,18,,,N,H,H,A,A,H,-,D,D,0,,,,,Y,,-,"- ",0,0,1,0,0,0,0,0,0,"- ","- ",41.677391052246094,-122.67696380615234,SISKIYOU,UNINCORPORATED,-122.67697143554688,41.677406311035156
94945853,2025,2025-11-24,9146,2025-11-17,1015,024850,,1,1,9,4700,0,1,1,,2,010,"I-5 N/B","VISTA DR",3316.00,S,N,B,C,Y,SIS,,5," ",R,16.799,H,,R,Y,4,0,1,1,C,-,18,,,N,H,H,A,B,H,-,A,D,0,,,,,Y,,-,"- ",0,0,1,0,0,0,0,0,0,"- ","- ",41.388378143310547,-122.37483978271484,SISKIYOU,UNINCORPORATED,-122.37474822998047,41.388381958007812
94947641,2025,2025-11-25,9145,2025-11-05,1915,018210,,3,2,9,4700,0,1,2,,1,043,"UNITED STATES HIGHWAY 97","JEROME ROAD",5280.00,S,N,B,-,Y,SIS,,97," "," ",33.130,H,,R,Y,2,0,5,3,A,-,05,21460,,N,A,C,A,B,H,-,D,D,0,,,,Y,Y,,A,08,1,0,4,0,0,0,0,0,0,"- ","- ",41.739780426025391,-122.06169891357422,SISKIYOU,UNINCORPORATED,-122.06169891357422,41.739780426025391
94948789,2025,2025-11-26,9146,2025-11-23,2013,024191,,7,2,9,4700,0,1,3,,1,021,"STATE ROUTE 89","BIG CANYON DRIVE",690.00,N,N,A,-,Y,SIS,,89," ",R,34.500,H,,R,Y,2,0,1,1,A,-,08,22107,,N,E,8,A,A,H,-,D,A,0,,,,,Y,,D,22,1,0,0,0,0,0,0,0,0,"- ","- ",41.286079406738281,-122.30020904541016,SISKIYOU,UNINCORPORATED,-122.30023193359375,41.286098480224609
94953228,2025,2025-12-01,9145,2025-11-16,"18  ",024242,,7,3,9,4700,0,1,1,,2,070,"I-5 N/B","COPCO ROAD",2921.42,S,N,A,-,Y,SIS,,5," ",R,61.015,H,,R,Y,3,0,1,1,A,-,08,22107,,N,E,8,A,A,H,-,D,D,0,,,,,Y,,A,01,0,1,0,0,0,0,0,0,0,"- ","- ",41.893569946289062,-122.56198883056641,SISKIYOU,UNINCORPORATED,-122.56229400634766,41.893455505371094
94972842,2025,2025-12-15,9145,2025-10-27,1657,019614,,1,2,9,4700,0,1,3,,1,012,"SR-96 W/B","LOWER AIRPORT RD",0.00,,Y,A,-,Y,SIS,,96," "," ",40.283,H,,L,N,1,1,0,2,A,-,12,22450,A,N,F,A,A,A,H,-,A,A,0,,,,,Y,,M,94,0,0,0,0,0,0,0,0,0,"- ","- ",41.787078857421875,-123.39241027832031,SISKIYOU,UNINCORPORATED,-123.39237976074219,41.787063598632812
94991803,2025,2025-12-30,9145,2025-12-25,1050,022314,,4,1,9,4700,0,1,2,,1,041,US-97,"SHEEPY CREEK RD",1584.00,S,N,D,-,N,,,,,,,,,,N,3,0,2,1,A,-,03,22350,,N,F,A,A,C,H,-,A,D,0,,,,,Y,,A,07,0,1,1,0,0,0,0,0,0,"- ","- ",41.978298187255859,-121.907470703125,SISKIYOU,UNINCORPORATED,-121.90766143798828,41.978302001953125
95008650,2025,2026-01-12,9146,2025-12-25,1908,024722,,4,2,9,4700,0,2,4,,2,016,"EVERITT MEMORIAL","MCBRIDE SPRINGS CAMPGROUND",8818.00,S,N,D,-,N,,,,,,,,,,Y,3,0,1,1,A,-,08,22107,,N,E,I,A,C,H,-,D,D,0,,,,,Y,,A,01,0,1,0,0,0,0,0,0,0,"- ","- ",41.332408905029297,-122.2677001953125,SISKIYOU,UNINCORPORATED,-122.26758575439453,41.332706451416016
95010014,2025,2026-01-12,9145,2025-12-06,1735,024554,,6,2,9,4700,0,1,S,,2,904,"NB I-5",A12,10032.00,N,N,A,-,Y,SIS,,5," ",R,40.089,H,,R,Y,2,0,1,1,A,-,03,22350,,N,E,I,A,A,H,-,D,D,0,,,,,Y,,A,07,1,0,0,0,0,0,0,0,0,"- ","- ",41.659049987792969,-122.56735992431641,SISKIYOU,UNINCORPORATED,-122.56732177734375,41.659141540527344
9667958,2024,2024-12-05,4706,2024-02-06,"806 ",1105,YREKA,2,5,2,4706,0,0,0,,0,CITY,"MOUNT SHASTA BL","LAKE ST",0.00,,Y,A,B,N,,,,,,,,,,N,4,0,1,2,A,-,03,22350,,N,D,D,A,C,H,-,A,D,0,,,,,Y,,-,"- ",0,0,1,0,0,0,0,0,0,"- ","- ",,,SISKIYOU,"MOUNT SHASTA",-122.31233978271484,41.313240051269531
9697532,2024,2024-08-27,4700,2024-03-16,1743,3497,7,6,5,1,4702,0,0,0,,0,DUNSMU,"DUNSMUIR AV","SPRING STREET",70.00,S,N,A,-,N,,,,,,,,,,Y,4,0,1,3,A,-,01,23152,B,N,E,E,A,A,H,-,A,D,0,,,,,Y,Y,-,,0,0,1,0,0,0,0,0,0,"- ","- ",,,SISKIYOU,DUNSMUIR,-122.27633666992188,41.22998046875
9697573,2024,2024-06-14,4700,2024-04-13,1705,4070,1B1,6,5,1,4705,0,0,0,,0,0HQ,"WEBB ST","9TH ST",0.00,,Y,B,-,N,,,,,,,,,,Y,4,0,1,2,A,-,09,21802,A,N,D,C,A,A,H,-,A,A,0,,,,,Y,,D,22,0,0,1,0,0,0,0,0,0,"- ","- ",,,SISKIYOU,MONTAGUE,-122.52471923828125,41.727043151855469
9747975,2024,2025-02-26,4700,2024-09-20,1229,3873,1B,5,5,1,4705,0,0,0,,0,001,"10TH ST","KING ST",0.00,S,N,A,-,N,,,,,,,,,,Y,4,0,1,3,A,-,01,23152,A,N,C,C,-,A,H,-,A,D,0,Y,,,,Y,Y,D,22,0,0,1,0,0,0,0,0,0,"- ","- ",,,SISKIYOU,MONTAGUE,-122.52676391601562,41.726341247558594
9783180,2024,2025-02-27,4700,2024-12-25,"200 ",3928,,3,5,1,4701,0,0,0,,0,03D,"MAIN ST","MAIN ST 230",0.00,,N,B,E,N,,,,,,,,,,N,3,0,1,2,A,-,01,23152,A,N,D,D,A,C,H,-,C,D,0,,,,,Y,Y,A,01,0,1,0,0,0,0,0,0,0,"- ","- ",,,SISKIYOU,DORRIS,-121.91817474365234,41.966991424560547
9866837,2024,2025-09-15,4709,2024-10-08,2500,254,,2,5,2,4709,0,0,0,,0,,"FT JONES RD","S. ENTRANCE TO THE YREKA JUNCTION",0.00,,Y,A,-,N,,,,,,,,,,Y,3,0,3,2,A,-,09,21804,A,N,D,C,A,A,D,-,A,D,0,,,,,Y,,A,01,0,1,2,0,0,0,0,0,0,"- ","- ",41.72467041015625,-122.30359649658203,SISKIYOU,YREKA,,
9876820,2025,2025-09-16,4700,2025-07-18,1347,3369,7,5,5,1,4702,0,0,0,,0,002,"DUNSMUIR AV","STAGECOACH RD",150.00,S,N,A,-,N,,,,,,,,,,N,4,0,1,2,A,-,04,21703,,N,C,C,A,A,H,-,A,D,0,,,,,Y,,A,01,0,0,1,0,0,0,0,0,0,"- ","- ",41.221950531005859,-122.27609252929688,SISKIYOU,DUNSMUIR,-122.27607727050781,41.222072601318359
9894041,2025,2026-01-27,4706,2025-12-05,1021,1101,,5,5,2,4706,0,0,0,,0,,"SOUTH MOUNT SHASTA BL","SISSON ST",0.00,,Y,A,-,N,,,,,,,,,,Y,4,0,1,2,A,-,08,22107,,N,C,E,A,A,H,-,A,D,0,,,,,Y,,-,,0,0,1,0,0,0,0,0,0,"- ","- ",,,SISKIYOU,"MOUNT SHASTA",-122.31107330322266,41.307632446289062
9895270,2025,2026-01-06,4706,2025-12-14,1416,MSTCLAIR,2D,7,5,2,4706,0,0,0,,0,,"MCCLOUD AV","WASHINGTON DR",0.00,,Y,A,-,N,,,,,,,,,,N,3,0,1,3,A,-,"- ",,,N,G,C,E,A,H,-,A,D,0,Y,,,,Y,,A,01,0,1,0,0,1,0,0,0,0,"- ","- ",41.312301635742188,-122.30621337890625,SISKIYOU,"MOUNT SHASTA",-122.30622100830078,41.312332153320312